,text,hashtags,sentement
0,ุจุนูู #ููุณุทูู.. ูุงุนุจู #ุงูุฌุฒุงุฆุฑ ูุญุชูููู ุจุงูุชุฃูู ููุตู ููุงุฆู #ูุฃุณ_ุงูุนุฑุจ https://t.co/D6LlBxA1Kb,['ูุฃุณ_ุงูุนุฑุจ'],positive
1,"#ุงูุฌุฒุงุฆุฑ_ุงููุบุฑุจ #ูุฃุณ_ุงูุนุฑุจ 
ููุฏูู ุนูู ุงูููุงุฑ ูู ูุงูู ููู ูุง ุงูุฌุฒุงุฆุฑ ูุญูุง ุฌุงููู๐คฃ๐คฃ๐คฃ๐คฃ๐คฃ๐คฃ๐คฃ๐คฃ๐คฃ https://t.co/W0XzaKpXVg",['ูุฃุณ_ุงูุนุฑุจ'],negative
2,"ุจุนูุฏุง ุนู ุชุฃูู ุงูููุชุฎุจ ุงููุทูู ุฅูู ูุตู ุงูููุงุฆู 
ุงููุจุงุฑุงุฉ ูุงูุช ูุซูุฑุฉ ููุดููุฉ ุงูู ุงุจุนุฏ ุงูุญุฏูุฏ ูุจุงุฑุงุฉ ุณุชุจูู ูู ุงูุฐุงูุฑุฉ ุจูู ุงูููุชุฎุจูู ุงุนุทูุงุงุตูุฑุฉ ููุณุชูู ุงููุฑุฉ ุงูุนุฑุจูุฉ  ูู ุงูุทุฑุงุฒ ุงูุฑููุน 
ููุฃู ุงููุจุงุฑุงุฉ ุชูุนุจ ูู ูุฃุณ ุงูุนุงูู ูู ุดุฏุฉ ุงูุฅุซุงุฑุฉ 
ูุฏู ุจูุงููู ูุงุฑูุฉ ูุณุฌูุฉ ุจุงุณูู 
#ูุฃุณ_ุงูุนุฑุจ",['ูุฃุณ_ุงูุนุฑุจ'],positive
3,"๐๐ฅ ุชุณุฏูุฏุฉ ุตุงุฑูุฎูุฉ ุฎุฑุงููุฉ ูู ููุณู ุงูุจูุงููู ุชุณูู ุดุจุงู ุงูููุชุฎุจ ุงููุบุฑุจู

#ูุฃุณ_ุงูุนุฑุจ #ูููุฏูุงู_ุงูุนุฑุจ #ุงููุบุฑุจ_ุงูุฌุฒุงุฆุฑ 
#FIFArabCup #ArabCup2021 https://t.co/6Q52tC8NX4",['ูุฃุณ_ุงูุนุฑุจ'],positive
4,"#ูุฃุณ_ุงูุนุฑุจ
ููุฏุนุงูู  ูุงูุงุนูุงู 
1๏ธโฃูุดุงูุฏุงุช
2๏ธโฃุฑูุน ุชุงู ุชุฑูุฏ 
3๏ธโฃุฎุฏูุงุช ุชููุชุฑ 
4๏ธโฃุฎุฏูุงุช ููุชููุจ
5๏ธโฃุฎุฏูุงุช ุฅูุณุชูุฑุงู
6๏ธโฃุฒูุงุฏุฉ ูุชุงุจุนููู ุญูููููู๐ 
7๏ธโฃุงุดุชุฑุงูุงุช ุฑุชููุช ๐ ูุงูู ุงุณุจูุน ูุดูุฑู 
ุงููุซูุฑ ูู ุงูุฎุฏูุงุช
 ูุงุฑุฎุต ุงูุงุณุนุงุฑ
ููุชูุงุตู ูุงุชุณ 
 @abwshog https://t.co/3OVup519Sz",['ูุฃุณ_ุงูุนุฑุจ'],neutral
5,"ุนูู ูุนููู ููุชุธู ูู ุชุฏุฑูุจุงุช ูุณูุฑ ูุฑุทุงุฌ.
#ูุฃุณ_ุงูุนุฑุจ https://t.co/uQaTUNzIgj",['ูุฃุณ_ุงูุนุฑุจ'],neutral
6,"๐๐คฉ ุตุงุฑูุฎูุฉ ุจูุงููู ูู ุฒุงููุฉ ูุฎุชููุฉ 

ุตูู ุงููุฏู ุจูููุฉ โ๐ผ

#ูุฃุณ_ุงูุนุฑุจ | #ูููุฏูุงู_ุงูุนุฑุจ | #ุงููุบุฑุจ_ุงูุฌุฒุงุฆุฑ 
#FIFArabCup | #ArabCup2021 https://t.co/ngkw7tpP9b",['ูุฃุณ_ุงูุนุฑุจ'],neutral
7,"๐ุฅูููุฌุฑุงู ุงูุดุฑู| ุฃุจุฑุฒ ุงูุฃุฑูุงู ูุงูุฅุญุตุงุกุงุช ูู #ูุฃุณ_ุงูุนุฑุจ..
 
#ูููุฏูุงู_ุงูุนุฑุจ https://t.co/EYJqyqmbYh",['ูุฃุณ_ุงูุนุฑุจ'],neutral
8,#ุงูุฌุฒุงุฆุฑ ูุฃูู ููุชูููู ุฃููู ุฎุท ูุฌูู ูู #ูุฃุณ_ุงูุนุฑุจ  ููุณู ุจูุงููู ูููุงู ุณูุฏุงูู ู ุจุบุฏุงุฏ ุจููุฌุงุญ https://t.co/q4XtVvI1JF,['ูุฃุณ_ุงูุนุฑุจ'],positive
9,ูุนููุด ูุนุงูุฏููุง ๐คฃ #ุงูุฌุฒุงุฆุฑ_ุงููุบุฑุจ #ูุฃุณ_ุงูุนุฑุจ #ArabCup2021 #ุจูุงููู https://t.co/HSA7FlwaAc,['ูุฃุณ_ุงูุนุฑุจ'],positive
10,"๐ธ๐๐ป | ุดุฑูุฉ ุงูุฑูู ุชุนูู ุนู ุชุดุบูู ูุทุงุฑ ููู 6 ููุทูุฑุงุช ูููุฑุฉ ุงูุฃููู ุนูู ุงูุฎุท ุงูุฃุญูุฑ ุฎูุงู #ูุฃุณ_ุงูุนุฑุจ ๐ ุจูุฏู ูุถุงุนูุฉ ุงูุณุนุฉ ุงูุงุณุชูุนุงุจูุฉ ูููุทุงุฑุงุช ูุชุณููู ููู ุงูุฌูุงููุฑ ุฃุซูุงุก ุงูุจุทููุฉ ๐ 

@metrotram_qa | #ูุฏูุจ_ูุทุฑ | #ูุทุฑ ๐ถ๐ฆ https://t.co/brQeqgpCQ2",['ูุฃุณ_ุงูุนุฑุจ'],neutral
11,ูุฑูู ุงูุฌุฒุงุฆุฑ ุงููุทูู ุงููุงุฆุฒ ุจุจุทููุฉ #ูุฃุณ_ุงูุนุฑุจ ูุฑูุน ุนูู #ููุณุทูู ุจุฌุงูุจ ุนูู ุจูุงุฏูุ ุญุฑูุฉ ุฑูุฒูุฉ ูุฏ ูุนุชุจุฑูุง ุงูุจุนุถ ุนุงุฏูุฉ ูููููุง ุซูููุฉ ุนูู ุงูููุงู ุงูุตูููููุ ูุงูุซุฑ ุดุฆ ููููู ูู ุชูุณู ุงูุดุนูุจ ุงูุญูุฉ ุจูุถูุฉ ููุณุทููุ ูุฐุง ุงูุชุนุงุทู ูุฌุนู ุดุนูุฉ ุงูุฃูู ูุง ุชูุทููุ ุชุญูุฉ ููุฑูู ุงูุฌุฒุงุฆุฑ ููุดุนุจู https://t.co/RfKZrnkZ10,['ูุฃุณ_ุงูุนุฑุจ'],positive
12,"ุชุนุฑู ุนูู ูุงุฆูุฉ ูุฏุงูู #ูุฃุณ_ุงูุนุฑุจ  2021 
https://t.co/NXMqjcK53L 
#ูุฃุณ_ุงูุนุฑุจ_2021 
#ูููุง22 
#ููู_ุฃูู_ูุงูู 
#ููู",['ูุฃุณ_ุงูุนุฑุจ'],neutral
13,"ููุชุฎุจ ุงูุฌุฒุงุฆุฑ ูุชูุฌ ุจุจุทููุฉ #ูุฃุณ_ุงูุนุฑุจ ููุฑูุน ูุงุนุจูู ุนูู #ููุณุทูู ูุนูู ุงูุฌุฒุงุฆุฑ ูุจู ุณููุงู ูุนูุงู ุฒุงูุฏ ูุจูุทูุง ุงูุจุญุฑ ูู ูุงุณูุงุฏูู ูู ููุงู ุงูุงุญุชูุงู
ุชุญูุฉ ูุดุนุจ ุงูุฌุฒุงุฆุฑ ุงูุนุธูู https://t.co/eCtCOSw4DJ",['ูุฃุณ_ุงูุนุฑุจ'],positive
14,"ุงููุชุญุฏุซ ุงูุฑุณูู ููุฌูุฉ ุงูุนููุง ูููุดุงุฑูุน ูุงูุฅุฑุซ ุฎุงูุฏ ุงููุนูุฉ ูู""ุงูุนุฑุจู ุงูุฌุฏูุฏ"": ""ูุง ุจุนุฏ #ูุฃุณ_ุงูุนุฑุจ ูู ุฃูุถู ูุฃุณ ุนุงูู ูู ุงูุชุงุฑูุฎ ููู ุงูุชุธุงุฑ ุฐููุ ูุฅู ููุงู ุนุฏูุฏ ุงูุฃุญุฏุงุซ ุงูุชู ุชุณุจู ุงูุญุฏุซ ุงูุฃูุจุฑ"" โฝ

@alnaamak @roadto2022
https://t.co/vt9cTDJF7r",['ูุฃุณ_ุงูุนุฑุจ'],positive
15,"ูู #ูุทุฑ ูุด ุนุงููุฉ #ูุฃุณ_ุงูุนุฑุจ
ุนุดุงู ุชุฌูุน ุงูุนุฑุจ
ูู #ุฌุทุฑ ูุด ูุงููุฉ ุชูุถู ููุฏุฎูุด ุงูุฒุจุงูุฉ
ุนูุฏูุง ุนุดุงู ููู ุฌูุจูุง ูู #ูุงุณ_ุงูุนุงูู https://t.co/kDTcdmfY3m",['ูุฃุณ_ุงูุนุฑุจ'],negative
16,"#ูุฃุณ_ุงูุนุฑุจ
ููุฏุนุงูู  ูุงูุงุนูุงู 
1๏ธโฃูุดุงูุฏุงุช
2๏ธโฃุฑูุน ุชุงู ุชุฑูุฏ 
3๏ธโฃุฎุฏูุงุช ุชููุชุฑ 
4๏ธโฃุฎุฏูุงุช ููุชููุจ
5๏ธโฃุฎุฏูุงุช ุฅูุณุชูุฑุงู
6๏ธโฃุฒูุงุฏุฉ ูุชุงุจุนููู ุญูููููู๐ 
7๏ธโฃุงุดุชุฑุงูุงุช ุฑุชููุช ๐ ูุงูู ุงุณุจูุน ูุดูุฑู 
ุงููุซูุฑ ูู ุงูุฎุฏูุงุช
 ูุงุฑุฎุต ุงูุงุณุนุงุฑ
ููุชูุงุตู ูุงุชุณ 
 @abwshog https://t.co/FWopdUA41U",['ูุฃุณ_ุงูุนุฑุจ'],neutral
17,ูุฑูู ุงูุฌุฒุงุฆุฑ ุงููุทูู ุงููุงุฆุฒ ุจุจุทููุฉ #ูุฃุณ_ุงูุนุฑุจ ูุฑูุน ุนูู #ููุณุทูู ุจุฌุงูุจ ุนูู ุจูุงุฏูุ ุญุฑูุฉ ุฑูุฒูุฉ ูุฏ ูุนุชุจุฑูุง ุงูุจุนุถ ุนุงุฏูุฉ ูููููุง ุซูููุฉ ุนูู ุงูููุงู ุงูุตูููููุ ูุงูุซุฑ ุดุฆ ููููู ูู ุชูุณู ุงูุดุนูุจ ุงูุญูุฉ ุจูุถูุฉ ููุณุทููุ ูุฐุง ุงูุชุนุงุทู ูุฌุนู ุดุนูุฉ ุงูุฃูู ูุง ุชูุทููุ ุชุญูุฉ ููุฑูู ุงูุฌุฒุงุฆุฑ ููุดุนุจู https://t.co/RfKZrnkZ10,['ูุฃุณ_ุงูุนุฑุจ'],positive
18,"ูุฐุง ุงูุฌุฒุงุฆุฑู ุงุณุชุญู ูุจูุฉ ุนูู ุฑุฃุณู .
ูุงู : ูุญู ู #ุงููุบุฑุจ ุฃุดูุงุก ููู ููุฑููุง ุงูุณูุงุณููู .
#ุงูุฌุฒุงุฆุฑ #ุงููุบุฑุจ #ูุฃุณ_ุงูุนุฑุจ #ูุทุฑ https://t.co/PXP7OjEvlE",['ูุฃุณ_ุงูุนุฑุจ'],positive
19,"ุฏุงุฎููู ุนูู 2023
ูุญูุงุชูุง ูุงููู ู 2020
ุงุญูุง ุนูุฑูุง ุจูุชุณุฑู
#ูุฃุณ_ุงูุนุฑุจ 
#ูุญูุฏ_ุจู_ุณููุงู 
#ูุญูุฏ_ุตูุงุญ_ุงู_ุงุจูุชุฑููู 
#ูุตุฑ_ุงูุงุฑุฏู 
#ุงูุญุจ_ูุด_ูููุชู",['ูุฃุณ_ุงูุนุฑุจ'],positive
20,"๐๐ฅ ุชุณุฏูุฏุฉ ุตุงุฑูุฎูุฉ ุฎุฑุงููุฉ ูู ููุณู ุงูุจูุงููู ุชุณูู ุดุจุงู ุงูููุชุฎุจ ุงููุบุฑุจู

#ูุฃุณ_ุงูุนุฑุจ #ูููุฏูุงู_ุงูุนุฑุจ #ุงููุบุฑุจ_ุงูุฌุฒุงุฆุฑ 
#FIFArabCup #ArabCup2021 https://t.co/6Q52tC8NX4",['ูุฃุณ_ุงูุนุฑุจ'],positive
21,"#ูุฃุณ_ุงูุนุฑุจ
ููุฏุนุงูู  ูุงูุงุนูุงู 
1๏ธโฃูุดุงูุฏุงุช
2๏ธโฃุฑูุน ุชุงู ุชุฑูุฏ 
3๏ธโฃุฎุฏูุงุช ุชููุชุฑ 
4๏ธโฃุฎุฏูุงุช ููุชููุจ
5๏ธโฃุฎุฏูุงุช ุฅูุณุชูุฑุงู
6๏ธโฃุฒูุงุฏุฉ ูุชุงุจุนููู ุญูููููู๐ 
7๏ธโฃุงุดุชุฑุงูุงุช ุฑุชููุช ๐ ูุงูู ุงุณุจูุน ูุดูุฑู 
ุงููุซูุฑ ูู ุงูุฎุฏูุงุช
 ูุงุฑุฎุต ุงูุงุณุนุงุฑ
ููุชูุงุตู ูุงุชุณ 
 @abwshog https://t.co/1NnxAM4MsQ",['ูุฃุณ_ุงูุนุฑุจ'],neutral
22,"ููุชุฎุจ ุงูุฌุฒุงุฆุฑ ูุชูุฌ ุจุจุทููุฉ #ูุฃุณ_ุงูุนุฑุจ ููุฑูุน ูุงุนุจูู ุนูู #ููุณุทูู ูุนูู ุงูุฌุฒุงุฆุฑ ูุจู ุณููุงู ูุนูุงู ุฒุงูุฏ ูุจูุทูุง ุงูุจุญุฑ ูู ูุงุณูุงุฏูู ูู ููุงู ุงูุงุญุชูุงู
ุชุญูุฉ ูุดุนุจ ุงูุฌุฒุงุฆุฑ ุงูุนุธูู https://t.co/eCtCOSw4DJ",['ูุฃุณ_ุงูุนุฑุจ'],positive
23,"ุนูู ูุนููู ููุชุธู ูู ุชุฏุฑูุจุงุช ูุณูุฑ ูุฑุทุงุฌ.
#ูุฃุณ_ุงูุนุฑุจ https://t.co/uQaTUNzIgj",['ูุฃุณ_ุงูุนุฑุจ'],neutral
24,"#ุงูุฌุฒุงุฆุฑ_ุงููุบุฑุจ #ูุฃุณ_ุงูุนุฑุจ 
ููุฏูู ุนูู ุงูููุงุฑ ูู ูุงูู ููู ูุง ุงูุฌุฒุงุฆุฑ ูุญูุง ุฌุงููู๐คฃ๐คฃ๐คฃ๐คฃ๐คฃ๐คฃ๐คฃ๐คฃ๐คฃ https://t.co/W0XzaKpXVg",['ูุฃุณ_ุงูุนุฑุจ'],negative
25,"ุดูุงุฏุงุช ุฌุงูุนูุฉ ูุนุชูุฏุฉ ููุชูุงุตู ุนุจุฑ ุงูุฎุงุต
#ุจูุงููุฑููุณ
#ูุงุฌูุณุชูุฑ
#ุฏูุชูุฑุงู
ุ#ุงููุชุณ
#ุชููู
#ุฌุงูุนุฉ_ุงูููู_ุนุจุฏุงูุนุฒูุฒ
#ุฌุงูุนู_ุงูููู_ุฎุงูุฏ
#ุฌุงูุนุฉ_ุงูููู_ุณุนูุฏ
#ูุธุงุฆู_ุงูุฑูุงุถ
#ูุฃุณ_ุงูุนุฑุจ
#ูุฃุณ_ุงูููู
#ุณุงูุจ_ุฌุฏู
#ุดููุฑ_ุฏุงุฏู
#ุฌุงู_ุงูุฎูุฑูฉ
#ุตุจุงุญ_Iูุฎูุฑ 
#ุณูุงุญ_ุงูุฑููุง_ููุชู_ุงููููููู",['ูุฃุณ_ุงูุนุฑุจ'],negative
26,"#ูุฃุณ_ุงูุนุฑุจ: ูุฑุญุฉ ูุงุนุจู ุงููุดุงูู ุจูุฏู #ูุฒู_ุงููุนููุงุช ูู ูุฑูู ูุตุฑ 
 
#ุนุงุฌู #ูุตุฑ_ุงูุฃุฑุฏู #ุงููุดุงูู #ูุนู_ูุงููุดูู #ููุง_ุงูููููุฉ https://t.co/ivEzsWK32e",['ูุฃุณ_ุงูุนุฑุจ'],positive
27,ุจุงููุณุจุฉ ูู #ูุทุฑ ูู ุฃูุจุฑ ุงููุงุฆุฒูู ูู #ูุฃุณ_ุงูุนุฑุจ ุจูุง ููุงุฒุน ุญุชู ููู ูู ุชุญุฑุฒ ุงููุฃุณ ููุฏ ูุงุฒุช ููุฌุญุช ูู ุชูุธูู ุงููุจูุฑ ูุงูุฑุงุฆุน ููุฐู ุงููุนุงููุฉ ุงูุง ุงุฐุง ูุงุฒุช ุจุงููุฃุณ ูุงูุชูุธูู ูุนุงู ููุฐุง ุฎูุฑ ูุจุฑูุฉ .,['ูุฃุณ_ุงูุนุฑุจ'],positive
28,"ููุชุฎุจ ุงูุฌุฒุงุฆุฑ ูุชูุฌ ุจุจุทููุฉ #ูุฃุณ_ุงูุนุฑุจ ููุฑูุน ูุงุนุจูู ุนูู #ููุณุทูู ูุนูู ุงูุฌุฒุงุฆุฑ ูุจู ุณููุงู ูุนูุงู ุฒุงูุฏ ูุจูุทูุง ุงูุจุญุฑ ูู ูุงุณูุงุฏูู ูู ููุงู ุงูุงุญุชูุงู
ุชุญูุฉ ูุดุนุจ ุงูุฌุฒุงุฆุฑ ุงูุนุธูู https://t.co/eCtCOSw4DJ",['ูุฃุณ_ุงูุนุฑุจ'],positive
29,"#ูุฃุณ_ุงูุนุฑุจ 
ูู ูุฌูุฉ ูุธุฑู 
ูู ุงูููุชุฎุจ ุงููุงุฏุฑ ุจุงูููุฒ ุจูุฃุณ ุงูุนุฑุจ
ูุตุฑ_ ุงูุฌุฒุงุฆุฑ _ ูุทุฑ_ ุชููุณ ูู
ุจุงููุณุจู ูู  ุงุฑุดุญ  ูุทุฑ",['ูุฃุณ_ุงูุนุฑุจ'],neutral
30,"๐ุจุณุจุจ ุงูุฅูุตุงุก ุฃูุงู #ุงูุฌุฒุงุฆุฑ.. ุงูุฌุงูุนุฉ ุงููุบุฑุจูุฉ ุชูููู #ุงูููุชุฎุจ_ุงููุญููู ูู ุงููุดุงุฑูุงุช ุงูุฑุณููุฉ๐ฒ๐ฒ

#fifaarabcup #ูุฃุณ_ุงูุนุฑุจ 
https://t.co/mB0St0ifwk",['ูุฃุณ_ุงูุนุฑุจ'],neutral
31,"๐ธ๐๐ป | ุดุฑูุฉ ุงูุฑูู ุชุนูู ุนู ุชุดุบูู ูุทุงุฑ ููู 6 ููุทูุฑุงุช ูููุฑุฉ ุงูุฃููู ุนูู ุงูุฎุท ุงูุฃุญูุฑ ุฎูุงู #ูุฃุณ_ุงูุนุฑุจ ๐ ุจูุฏู ูุถุงุนูุฉ ุงูุณุนุฉ ุงูุงุณุชูุนุงุจูุฉ ูููุทุงุฑุงุช ูุชุณููู ููู ุงูุฌูุงููุฑ ุฃุซูุงุก ุงูุจุทููุฉ ๐ 

@metrotram_qa | #ูุฏูุจ_ูุทุฑ | #ูุทุฑ ๐ถ๐ฆ https://t.co/brQeqgpCQ2",['ูุฃุณ_ุงูุนุฑุจ'],neutral
32,ูุฑูู ุงูุฌุฒุงุฆุฑ ุงููุทูู ุงููุงุฆุฒ ุจุจุทููุฉ #ูุฃุณ_ุงูุนุฑุจ ูุฑูุน ุนูู #ููุณุทูู ุจุฌุงูุจ ุนูู ุจูุงุฏูุ ุญุฑูุฉ ุฑูุฒูุฉ ูุฏ ูุนุชุจุฑูุง ุงูุจุนุถ ุนุงุฏูุฉ ูููููุง ุซูููุฉ ุนูู ุงูููุงู ุงูุตูููููุ ูุงูุซุฑ ุดุฆ ููููู ูู ุชูุณู ุงูุดุนูุจ ุงูุญูุฉ ุจูุถูุฉ ููุณุทููุ ูุฐุง ุงูุชุนุงุทู ูุฌุนู ุดุนูุฉ ุงูุฃูู ูุง ุชูุทููุ ุชุญูุฉ ููุฑูู ุงูุฌุฒุงุฆุฑ ููุดุนุจู https://t.co/RfKZrnkZ10,['ูุฃุณ_ุงูุนุฑุจ'],positive
33,ุจุนูู #ููุณุทูู.. ูุงุนุจู #ุงูุฌุฒุงุฆุฑ ูุญุชูููู ุจุงูุชุฃูู ููุตู ููุงุฆู #ูุฃุณ_ุงูุนุฑุจ https://t.co/D6LlBxA1Kb,['ูุฃุณ_ุงูุนุฑุจ'],positive
34,"ูู ุชุชููู ุฃู ูููุฒ ุจูุฃุณ ุงูุนุฑุจ.

#ูุฃุณ_ุงูุนุฑุจ 
#ูุตุฑ #ุชููุณ #ุงูุฌุฒุงุฆุฑ #ูุทุฑ",['ูุฃุณ_ุงูุนุฑุจ'],neutral
35,"ุงูุฅุจุฏุงุน โ๏ธโ๏ธ 
๐ช๐ป๐ฉ๐ฟ
# #ุงูุฌุฒุงูุฑ_ุงููุบุฑุจ #ูุฃุณ_ุงูุนุฑุจ https://t.co/2iuG8q13Nv",['ูุฃุณ_ุงูุนุฑุจ'],positive
36,"ุตุงุฑูุฎ ุนุงุจุฑ ูููุงุฑุงุช 
#ุงููุบุฑุจ_ุงูุฌุฒุงุฆุฑ
#ูุฃุณ_ุงูุนุฑุจ https://t.co/PKEra41C1v",['ูุฃุณ_ุงูุนุฑุจ'],neutral
37,"ูุฐุง ุงูุฌุฒุงุฆุฑู ุงุณุชุญู ูุจูุฉ ุนูู ุฑุฃุณู .
ูุงู : ูุญู ู #ุงููุบุฑุจ ุฃุดูุงุก ููู ููุฑููุง ุงูุณูุงุณููู .
#ุงูุฌุฒุงุฆุฑ #ุงููุบุฑุจ #ูุฃุณ_ุงูุนุฑุจ #ูุทุฑ https://t.co/PXP7OjEvlE",['ูุฃุณ_ุงูุนุฑุจ'],positive
38,"๐ฉ๐ฟ ุงูุฌุฒุงุฆุฑ ุชูุตู ุงููุบุฑุจ ๐ฒ๐ฆ ูุชููู ุนูุฏ ุงููุฑู ุงููุชุฃููุฉ ุงูู ูุตู ููุงุฆู ูุฃุณ ุงูุนุฑุจ FIFA ูุทุฑ ูขููขูกโข.

#ูุฃุณ_ุงูุนุฑุจ #ูููุฏูุงู_ุงูุนุฑุจ #ุงููุบุฑุจ_ุงูุฌุฒุงุฆุฑ 
#FIFArabCup #ArabCup2021 https://t.co/pB02JjdFek",['ูุฃุณ_ุงูุนุฑุจ'],neutral
39,"ููุง ุชุชูุฑุฌ ุนูู ูุงุชุด ูุตุฑ ูุชููุณ ูุชุดูู ุงูููุด ุจูููุน ูุฏู ูุญูู ูู ุณูู ุงูุฌุฒูุฑู ููุจุงุตู ุงูููุฑู ูุงููู ุงุดุฑู. ูุนูุฑู ุงูุณูููู ุจููุทุน ุงูููุฑู ูู ูุนููู ููุฏููุง ูุฒูุฒู.
ูุงูุฏูููู 85 ููุนููู ููุนุจ ุงูุงูุช ููุญุท ุงูุฒุบููู
#ูุฃุณ_ุงูุนุฑุจ #ูุตุฑ_ุชููุณ https://t.co/x10DurRltU",['ูุฃุณ_ุงูุนุฑุจ'],negative
40,ุนูุฏูุง ููููุจ ุงูุณุญุฑ ุนูู ุงูุณุงุญุฑ ๐คฃ๐ชโฅ๐ฉ๐ฟ #ูุฃุณ_ุงูุนุฑุจ #ุงูุฌุฒุงุฆุฑ_ูุทุฑ https://t.co/uGp2vezo3x,['ูุฃุณ_ุงูุนุฑุจ'],negative
41,ูุฑูู ุงูุฌุฒุงุฆุฑ ุงููุทูู ุงููุงุฆุฒ ุจุจุทููุฉ #ูุฃุณ_ุงูุนุฑุจ ูุฑูุน ุนูู #ููุณุทูู ุจุฌุงูุจ ุนูู ุจูุงุฏูุ ุญุฑูุฉ ุฑูุฒูุฉ ูุฏ ูุนุชุจุฑูุง ุงูุจุนุถ ุนุงุฏูุฉ ูููููุง ุซูููุฉ ุนูู ุงูููุงู ุงูุตูููููุ ูุงูุซุฑ ุดุฆ ููููู ูู ุชูุณู ุงูุดุนูุจ ุงูุญูุฉ ุจูุถูุฉ ููุณุทููุ ูุฐุง ุงูุชุนุงุทู ูุฌุนู ุดุนูุฉ ุงูุฃูู ูุง ุชูุทููุ ุชุญูุฉ ููุฑูู ุงูุฌุฒุงุฆุฑ ููุดุนุจู https://t.co/RfKZrnkZ10,['ูุฃุณ_ุงูุนุฑุจ'],positive
42,"ููุญุชุฑูู ุงููุบุฉ ุงูุงูุฌููุฒูุฉ๐นโค๏ธ
ูู ูุณุชุทูุน ุชุฑุฌูุฉ ูุชุงุจ ูู ุงููุบุฉ ุงูุนุฑุจูุฉ ุฅูู ุงููุบุฉ ุงูุงูุฌููุฒูุฉ ุ ุชุฑุฌูุฉ ุฃุฌูุจูุฉ ูุซู ูุบุฉ ุงูุงูุฌููุฒ ุจุงูุชูุงู ุ ูุง ุฃุฑูุฏ ุชุฑุฌูุฉ ุญุฑููุฉ ุงู ุชุฑุฌูุฉ ุฌูุฌู ุ ูู ูุณุชุทูุน ูุฑุงุณููู ููุง๐๐ฏ
#ูุฃุณ_ุงูุนุฑุจ",['ูุฃุณ_ุงูุนุฑุจ'],neutral
43,"๐๐คฉ ุตุงุฑูุฎูุฉ ุจูุงููู ูู ุฒุงููุฉ ูุฎุชููุฉ 

ุตูู ุงููุฏู ุจูููุฉ โ๐ผ

#ูุฃุณ_ุงูุนุฑุจ | #ูููุฏูุงู_ุงูุนุฑุจ | #ุงููุบุฑุจ_ุงูุฌุฒุงุฆุฑ 
#FIFArabCup | #ArabCup2021 https://t.co/ngkw7tpP9b",['ูุฃุณ_ุงูุนุฑุจ'],neutral
44,"ุจุงูุฑุบู ูู ูุดุฑู ููุฏูู ูุณูุฆ ูุงุดูุงุฆูุง ูู #ุงูุงูุงุฑุงุช ูุงุฒุงู ูู #ูุทุฑ
ููุญุงูู ุงู ููุฑู ุงูุนุฑุจ ูู #ูุฃุณ_ุงูุนุฑุจ
ุงููู ุนููุงู #ูุทุฑ ุนุดุงู ุชุฌูุน ุงูุนุฑุจ https://t.co/ZYcmqQjR1j",['ูุฃุณ_ุงูุนุฑุจ'],negative
45,"โญ๏ธ ุฃุฑูุงู ูุงุญุตุงุฆูุงุช..ููู 450 ุฃูู ูุดุฌุน ูู #ูุฃุณ_ุงูุนุฑุจ ูุจูุน 476 ุฃูู ุชุฐูุฑุฉ.
https://t.co/PLb4hoM6v2
#ุงุณุชุงุฏ_ุงูุฏูุญุฉ https://t.co/iFQDlXwbxA",['ูุฃุณ_ุงูุนุฑุจ'],neutral
46,"ูู ุงูุฃุนูุงู ..

ุดูุฑุง ููู ุฃูู #ุนูุงู ..

#ูุทุฑ #ุณูุทูุฉ_ุนูุงู #ูุฃุณ_ุงูุนุฑุจ #ูุทุฑ2022 #ุงููุนุฏูขููขูข https://t.co/Bg9tAZE0UT",['ูุฃุณ_ุงูุนุฑุจ'],positive
47,ุนูุฏูุง ููููุจ ุงูุณุญุฑ ุนูู ุงูุณุงุญุฑ ๐คฃ๐ชโฅ๐ฉ๐ฟ #ูุฃุณ_ุงูุนุฑุจ #ุงูุฌุฒุงุฆุฑ_ูุทุฑ https://t.co/uGp2vezo3x,['ูุฃุณ_ุงูุนุฑุจ'],negative
48,"โฝ๏ธ๐ฅ ุงูููุชุฎุจ ุงููุตุฑู ูุฏุฑู ุงูุชุนุงุฏู ุจุฑุฃุณูุฉ ูุฑูุงู ุญูุฏู

#ูุฃุณ_ุงูุนุฑุจ #ูููุฏูุงู_ุงูุนุฑุจ
#FIFArabCup #ArabCup2021 https://t.co/jgZBncOMbU",['ูุฃุณ_ุงูุนุฑุจ'],neutral
49,"ุนูู ูุนููู ููุชุธู ูู ุชุฏุฑูุจุงุช ูุณูุฑ ูุฑุทุงุฌ.
#ูุฃุณ_ุงูุนุฑุจ https://t.co/uQaTUNzIgj",['ูุฃุณ_ุงูุนุฑุจ'],neutral
50,"ุงูุญุฏูุฏ ุงูุฌุฒุงุฆุฑูุฉ ุงููุบุฑุจูุฉ ุงูุจุงุฑุญ ๐ฉ๐ฟ๐ช

#ุงูุฌุฒุงุฆุฑ_ุงููุบุฑุจ #ูุฃุณ_ุงูุนุฑุจ https://t.co/MEyZ52QOKc",['ูุฃุณ_ุงูุนุฑุจ'],neutral
51,"ุนูู ูุนููู ููุชุธู ูู ุชุฏุฑูุจุงุช ูุณูุฑ ูุฑุทุงุฌ.
#ูุฃุณ_ุงูุนุฑุจ https://t.co/uQaTUNzIgj",['ูุฃุณ_ุงูุนุฑุจ'],neutral
52,"๐๐คฉ ุตุงุฑูุฎูุฉ ุจูุงููู ูู ุฒุงููุฉ ูุฎุชููุฉ 

ุตูู ุงููุฏู ุจูููุฉ โ๐ผ

#ูุฃุณ_ุงูุนุฑุจ | #ูููุฏูุงู_ุงูุนุฑุจ | #ุงููุบุฑุจ_ุงูุฌุฒุงุฆุฑ 
#FIFArabCup | #ArabCup2021 https://t.co/ngkw7tpP9b",['ูุฃุณ_ุงูุนุฑุจ'],neutral
53,ูุฑูู ุงูุฌุฒุงุฆุฑ ุงููุทูู ุงููุงุฆุฒ ุจุจุทููุฉ #ูุฃุณ_ุงูุนุฑุจ ูุฑูุน ุนูู #ููุณุทูู ุจุฌุงูุจ ุนูู ุจูุงุฏูุ ุญุฑูุฉ ุฑูุฒูุฉ ูุฏ ูุนุชุจุฑูุง ุงูุจุนุถ ุนุงุฏูุฉ ูููููุง ุซูููุฉ ุนูู ุงูููุงู ุงูุตูููููุ ูุงูุซุฑ ุดุฆ ููููู ูู ุชูุณู ุงูุดุนูุจ ุงูุญูุฉ ุจูุถูุฉ ููุณุทููุ ูุฐุง ุงูุชุนุงุทู ูุฌุนู ุดุนูุฉ ุงูุฃูู ูุง ุชูุทููุ ุชุญูุฉ ููุฑูู ุงูุฌุฒุงุฆุฑ ููุดุนุจู https://t.co/RfKZrnkZ10,['ูุฃุณ_ุงูุนุฑุจ'],positive
54,"ูู ูุฏูู ุซุฃุฑ ูู ุจุฑุดูููุฉ ูููุฃุฎุฐู ูุฐุง ุงูููุณู ูุงู ุงูููุณู ุงููุงุฏู ุณุชููู ุจุงูุฏุฑุฌุฉ ุงูุซุงููุฉ 
#ุจุฑุดูููู_ุงูุณุงุณููุง 
#ูุฃุณ_ุงูุนุฑุจ https://t.co/WZFC26AEg7",['ูุฃุณ_ุงูุนุฑุจ'],neutral
55,"#ูุฃุณ_ุงูุนุฑุจ 
ุงูุถู ูุฏู ูู ุงูุจุทููุฉ ๐๐ป๐๐ป https://t.co/ccEVtXPB7q",['ูุฃุณ_ุงูุนุฑุจ'],positive
56,"ุฃูู ูุจุฑูู ูููุงุฆุฒูู ูุนูุง ูู ุชุฎููู ูุชุงุฆุฌ ูุจุงุฑูุงุช ุงูููู [ ุงูุฎุงูุณ ูุงูุณุงุฏุณ ุถูู ููุงุฌูุงุช ุงูุฏูุฑ ุงูุฃูู ] ูู ุจุทููุฉ #ูุฃุณ_ุงูุนุฑุจ #ูุทุฑ ๐๐๐ป
@1__2A @aabbttt260 https://t.co/7R8zI5MEFL",['ูุฃุณ_ุงูุนุฑุจ'],positive
57,ุจุนูู #ููุณุทูู.. ูุงุนุจู #ุงูุฌุฒุงุฆุฑ ูุญุชูููู ุจุงูุชุฃูู ููุตู ููุงุฆู #ูุฃุณ_ุงูุนุฑุจ https://t.co/D6LlBxA1Kb,['ูุฃุณ_ุงูุนุฑุจ'],positive
58,"ููุชุฎุจ ุงูุฌุฒุงุฆุฑ ูุชูุฌ ุจุจุทููุฉ #ูุฃุณ_ุงูุนุฑุจ ููุฑูุน ูุงุนุจูู ุนูู #ููุณุทูู ูุนูู ุงูุฌุฒุงุฆุฑ ูุจู ุณููุงู ูุนูุงู ุฒุงูุฏ ูุจูุทูุง ุงูุจุญุฑ ูู ูุงุณูุงุฏูู ูู ููุงู ุงูุงุญุชูุงู
ุชุญูุฉ ูุดุนุจ ุงูุฌุฒุงุฆุฑ ุงูุนุธูู https://t.co/eCtCOSw4DJ",['ูุฃุณ_ุงูุนุฑุจ'],positive
59,"ุงููุฆ ุงูุดุนุจ ุงูุฌุฒุงุฆุฑู ุงูุดููู ูุชุฃูู ุงูููุชุฎุจ ุงูุฌุฒุงุฆุฑู ููุตู ุงูููุงุฆู ูุจุทููุฉ #ูุฃุณ_ุงูุนุฑุจ 2021ู.
ุนุฒููุฉ ูุฅุฑุงุฏุฉ ูููุฉ ุ ุจุงูุชูููู ููุฎุถุฑ ูุงูู ูุจุฑูู ๐ธ๐ฆ๐ฉ๐ฟ https://t.co/oy6aH928of",['ูุฃุณ_ุงูุนุฑุจ'],positive
60,"ุฃุฌูุงุก ุฑุจุน ุงูููุงุฆู 
ุงูููู ุงูุซุงูู

#ูุตุฑ #ุงูุฃุฑุฏู

#ูุฃุณ_ุงูุนุฑุจ ๐ https://t.co/RvXL4t4Z4Z",['ูุฃุณ_ุงูุนุฑุจ'],neutral
61,ูุฑูู ุงูุฌุฒุงุฆุฑ ุงููุทูู ุงููุงุฆุฒ ุจุจุทููุฉ #ูุฃุณ_ุงูุนุฑุจ ูุฑูุน ุนูู #ููุณุทูู ุจุฌุงูุจ ุนูู ุจูุงุฏูุ ุญุฑูุฉ ุฑูุฒูุฉ ูุฏ ูุนุชุจุฑูุง ุงูุจุนุถ ุนุงุฏูุฉ ูููููุง ุซูููุฉ ุนูู ุงูููุงู ุงูุตูููููุ ูุงูุซุฑ ุดุฆ ููููู ูู ุชูุณู ุงูุดุนูุจ ุงูุญูุฉ ุจูุถูุฉ ููุณุทููุ ูุฐุง ุงูุชุนุงุทู ูุฌุนู ุดุนูุฉ ุงูุฃูู ูุง ุชูุทููุ ุชุญูุฉ ููุฑูู ุงูุฌุฒุงุฆุฑ ููุดุนุจู https://t.co/RfKZrnkZ10,['ูุฃุณ_ุงูุนุฑุจ'],positive
62,"โญ๏ธ ุฃุฑูุงู ูุงุญุตุงุฆูุงุช..ููู 450 ุฃูู ูุดุฌุน ูู #ูุฃุณ_ุงูุนุฑุจ ูุจูุน 476 ุฃูู ุชุฐูุฑุฉ.
https://t.co/PLb4hoM6v2
#ุงุณุชุงุฏ_ุงูุฏูุญุฉ https://t.co/iFQDlXwbxA",['ูุฃุณ_ุงูุนุฑุจ'],neutral
63,"ูู ุงูุฃุนูุงู ..

ุดูุฑุง ููู ุฃูู #ุนูุงู ..

#ูุทุฑ #ุณูุทูุฉ_ุนูุงู #ูุฃุณ_ุงูุนุฑุจ #ูุทุฑ2022 #ุงููุนุฏูขููขูข https://t.co/Bg9tAZE0UT",['ูุฃุณ_ุงูุนุฑุจ'],positive
64,"ุงููุฆ ุงูุดุนุจ ุงูุฌุฒุงุฆุฑู ุงูุดููู ูุชุฃูู ุงูููุชุฎุจ ุงูุฌุฒุงุฆุฑู ููุตู ุงูููุงุฆู ูุจุทููุฉ #ูุฃุณ_ุงูุนุฑุจ 2021ู.
ุนุฒููุฉ ูุฅุฑุงุฏุฉ ูููุฉ ุ ุจุงูุชูููู ููุฎุถุฑ ูุงูู ูุจุฑูู ๐ธ๐ฆ๐ฉ๐ฟ https://t.co/oy6aH928of",['ูุฃุณ_ุงูุนุฑุจ'],positive
65,"ููุชุฎุจ ุงูุฌุฒุงุฆุฑ ูุชูุฌ ุจุจุทููุฉ #ูุฃุณ_ุงูุนุฑุจ ููุฑูุน ูุงุนุจูู ุนูู #ููุณุทูู ูุนูู ุงูุฌุฒุงุฆุฑ ูุจู ุณููุงู ูุนูุงู ุฒุงูุฏ ูุจูุทูุง ุงูุจุญุฑ ูู ูุงุณูุงุฏูู ูู ููุงู ุงูุงุญุชูุงู
ุชุญูุฉ ูุดุนุจ ุงูุฌุฒุงุฆุฑ ุงูุนุธูู https://t.co/eCtCOSw4DJ",['ูุฃุณ_ุงูุนุฑุจ'],positive
66,ูุฑูู ุงูุฌุฒุงุฆุฑ ุงููุทูู ุงููุงุฆุฒ ุจุจุทููุฉ #ูุฃุณ_ุงูุนุฑุจ ูุฑูุน ุนูู #ููุณุทูู ุจุฌุงูุจ ุนูู ุจูุงุฏูุ ุญุฑูุฉ ุฑูุฒูุฉ ูุฏ ูุนุชุจุฑูุง ุงูุจุนุถ ุนุงุฏูุฉ ูููููุง ุซูููุฉ ุนูู ุงูููุงู ุงูุตูููููุ ูุงูุซุฑ ุดุฆ ููููู ูู ุชูุณู ุงูุดุนูุจ ุงูุญูุฉ ุจูุถูุฉ ููุณุทููุ ูุฐุง ุงูุชุนุงุทู ูุฌุนู ุดุนูุฉ ุงูุฃูู ูุง ุชูุทููุ ุชุญูุฉ ููุฑูู ุงูุฌุฒุงุฆุฑ ููุดุนุจู https://t.co/RfKZrnkZ10,['ูุฃุณ_ุงูุนุฑุจ'],positive
67,ุจุงููุณุจุฉ ูู #ูุทุฑ ูู ุฃูุจุฑ ุงููุงุฆุฒูู ูู #ูุฃุณ_ุงูุนุฑุจ ุจูุง ููุงุฒุน ุญุชู ููู ูู ุชุญุฑุฒ ุงููุฃุณ ููุฏ ูุงุฒุช ููุฌุญุช ูู ุชูุธูู ุงููุจูุฑ ูุงูุฑุงุฆุน ููุฐู ุงููุนุงููุฉ ุงูุง ุงุฐุง ูุงุฒุช ุจุงููุฃุณ ูุงูุชูุธูู ูุนุงู ููุฐุง ุฎูุฑ ูุจุฑูุฉ .,['ูุฃุณ_ุงูุนุฑุจ'],positive
68,"#ูุฃุณ_ุงูุนุฑุจ | 21 ูุงุนุจูุง ุดุงุฑููุง ูู 4 ูุจุงุฑูุงุช ูุน #ููุชุฎุจ_ูุตุฑ ๐ช๐ฌ
https://t.co/dxnTa1970J
https://t.co/dxnTa1970J",['ูุฃุณ_ุงูุนุฑุจ'],neutral
69,"ุงุญูู ุตูุฑุฉ ู ุชุงูู ุงุญูู ููุทุฉ ุจูู ุงูุจุทููู ุจุนุฏ ุฌูููุฑ ุงูุงุฑุฏู ู ููุณุทููโคโค
#ูุฃุณ_ุงูุนุฑุจ https://t.co/3mEGjVC012",['ูุฃุณ_ุงูุนุฑุจ'],positive
70,"๐๐ฅ ุชุณุฏูุฏุฉ ุตุงุฑูุฎูุฉ ุฎุฑุงููุฉ ูู ููุณู ุงูุจูุงููู ุชุณูู ุดุจุงู ุงูููุชุฎุจ ุงููุบุฑุจู

#ูุฃุณ_ุงูุนุฑุจ #ูููุฏูุงู_ุงูุนุฑุจ #ุงููุบุฑุจ_ุงูุฌุฒุงุฆุฑ 
#FIFArabCup #ArabCup2021 https://t.co/6Q52tC8NX4",['ูุฃุณ_ุงูุนุฑุจ'],positive
71,"ูู ุชูููู #ุฃุจู_ุชุฑููุฉ ููุฒ ููุชุฎุจ ุงูุฌุฒุงุฆุฑ ุจู #ูุฃุณ_ุงูุนุฑุจ ุจุนุฏ ุฑูุน ูุงุนุจูู ุนูู #ููุณุทููุ
ุฅูููู ุชุญูู #ูุณุจุงุฑ 
https://t.co/cl3TT2Xti6",['ูุฃุณ_ุงูุนุฑุจ'],neutral
72,"ูุฐุง ุงูุฌุฒุงุฆุฑู ุงุณุชุญู ูุจูุฉ ุนูู ุฑุฃุณู .
ูุงู : ูุญู ู #ุงููุบุฑุจ ุฃุดูุงุก ููู ููุฑููุง ุงูุณูุงุณููู .
#ุงูุฌุฒุงุฆุฑ #ุงููุบุฑุจ #ูุฃุณ_ุงูุนุฑุจ #ูุทุฑ https://t.co/PXP7OjEvlE",['ูุฃุณ_ุงูุนุฑุจ'],positive
73,"ุงููุฆ ุงูุดุนุจ ุงูุฌุฒุงุฆุฑู ุงูุดููู ูุชุฃูู ุงูููุชุฎุจ ุงูุฌุฒุงุฆุฑู ููุตู ุงูููุงุฆู ูุจุทููุฉ #ูุฃุณ_ุงูุนุฑุจ 2021ู.
ุนุฒููุฉ ูุฅุฑุงุฏุฉ ูููุฉ ุ ุจุงูุชูููู ููุฎุถุฑ ูุงูู ูุจุฑูู ๐ธ๐ฆ๐ฉ๐ฟ https://t.co/oy6aH928of",['ูุฃุณ_ุงูุนุฑุจ'],positive
74,"ูุตู ููุงุฆู #ูุฃุณ_ุงูุนุฑุจ.. ุฃุฑูุงู ูุชุงุฑูุฎ ููุงุฌูุงุช ูุตุฑ ูุชููุณ
https://t.co/rzVarmgAUk",['ูุฃุณ_ุงูุนุฑุจ'],neutral
75,"๐๐คฉ ุตุงุฑูุฎูุฉ ุจูุงููู ูู ุฒุงููุฉ ูุฎุชููุฉ 

ุตูู ุงููุฏู ุจูููุฉ โ๐ผ

#ูุฃุณ_ุงูุนุฑุจ | #ูููุฏูุงู_ุงูุนุฑุจ | #ุงููุบุฑุจ_ุงูุฌุฒุงุฆุฑ 
#FIFArabCup | #ArabCup2021 https://t.co/ngkw7tpP9b",['ูุฃุณ_ุงูุนุฑุจ'],neutral
76,"๐๐คฉ ุตุงุฑูุฎูุฉ ุจูุงููู ูู ุฒุงููุฉ ูุฎุชููุฉ 

ุตูู ุงููุฏู ุจูููุฉ โ๐ผ

#ูุฃุณ_ุงูุนุฑุจ | #ูููุฏูุงู_ุงูุนุฑุจ | #ุงููุบุฑุจ_ุงูุฌุฒุงุฆุฑ 
#FIFArabCup | #ArabCup2021 https://t.co/ngkw7tpP9b",['ูุฃุณ_ุงูุนุฑุจ'],neutral
77,"@Ms3don @Samarsultann ูุฌูุฉ ูุธุฑ ูุญุชุฑูุฉ ุฌุฏุง ููุงุฑูุช ูุนูุง ูุชู ุชุซุจูุช #ูุฃุณ_ุงูุนุฑุจ  ุจุทููุฉ ุจูุงูู ูุฌูููุง ุงูุนุฑุจ ูู ูู ูุทุฑ ููุด ููู ููู ูุงุฎุฏ ุงููุฃุณ ุงูููู ูุชุฌูุน ููุญุจ ุจุนุถ  
ูุงููู ุชูุฑูุฉ ุงูุณูุงุณุฉ ูุน ุงูุฃุณู ุชุฌูุนุฉ ุงูุฑูุงุถุฉ ุจูู ุญุจ",['ูุฃุณ_ุงูุนุฑุจ'],positive
78,"""ุงูฺคูุจ""ู""ุงูฺคุฑููุชุง"".. ููุชุงุญุง ุงููุตุฑ ููุฑูููุง ุณุนุงุฏุฉ ุดุนุจ ุจุฃูููู.

ุดูุฑุง ูููุญุงุฑุจูู.. ุชุญูุง ุงูุฌุฒุงุฆุฑ  ๐ฉ๐ฟ

#ูุฃุณ_ุงูุนุฑุจ 
#ุงูุฌุฒุงุฆุฑ๐ฉ๐ฟ https://t.co/NgDzvcb7tn",['ูุฃุณ_ุงูุนุฑุจ'],positive
79,"ููุชุฎุจ ุงูุฌุฒุงุฆุฑ ูุชูุฌ ุจุจุทููุฉ #ูุฃุณ_ุงูุนุฑุจ ููุฑูุน ูุงุนุจูู ุนูู #ููุณุทูู ูุนูู ุงูุฌุฒุงุฆุฑ ูุจู ุณููุงู ูุนูุงู ุฒุงูุฏ ูุจูุทูุง ุงูุจุญุฑ ูู ูุงุณูุงุฏูู ูู ููุงู ุงูุงุญุชูุงู
ุชุญูุฉ ูุดุนุจ ุงูุฌุฒุงุฆุฑ ุงูุนุธูู https://t.co/eCtCOSw4DJ",['ูุฃุณ_ุงูุนุฑุจ'],positive
80,"ูุฐุง ุงูุฌุฒุงุฆุฑู ุงุณุชุญู ูุจูุฉ ุนูู ุฑุฃุณู .
ูุงู : ูุญู ู #ุงููุบุฑุจ ุฃุดูุงุก ููู ููุฑููุง ุงูุณูุงุณููู .
#ุงูุฌุฒุงุฆุฑ #ุงููุบุฑุจ #ูุฃุณ_ุงูุนุฑุจ #ูุทุฑ https://t.co/PXP7OjEvlE",['ูุฃุณ_ุงูุนุฑุจ'],positive
81,"๐๐คฉ ุตุงุฑูุฎูุฉ ุจูุงููู ูู ุฒุงููุฉ ูุฎุชููุฉ 

ุตูู ุงููุฏู ุจูููุฉ โ๐ผ

#ูุฃุณ_ุงูุนุฑุจ | #ูููุฏูุงู_ุงูุนุฑุจ | #ุงููุบุฑุจ_ุงูุฌุฒุงุฆุฑ 
#FIFArabCup | #ArabCup2021 https://t.co/ngkw7tpP9b",['ูุฃุณ_ุงูุนุฑุจ'],neutral
82,ูุฑูู ุงูุฌุฒุงุฆุฑ ุงููุทูู ุงููุงุฆุฒ ุจุจุทููุฉ #ูุฃุณ_ุงูุนุฑุจ ูุฑูุน ุนูู #ููุณุทูู ุจุฌุงูุจ ุนูู ุจูุงุฏูุ ุญุฑูุฉ ุฑูุฒูุฉ ูุฏ ูุนุชุจุฑูุง ุงูุจุนุถ ุนุงุฏูุฉ ูููููุง ุซูููุฉ ุนูู ุงูููุงู ุงูุตูููููุ ูุงูุซุฑ ุดุฆ ููููู ูู ุชูุณู ุงูุดุนูุจ ุงูุญูุฉ ุจูุถูุฉ ููุณุทููุ ูุฐุง ุงูุชุนุงุทู ูุฌุนู ุดุนูุฉ ุงูุฃูู ูุง ุชูุทููุ ุชุญูุฉ ููุฑูู ุงูุฌุฒุงุฆุฑ ููุดุนุจู https://t.co/RfKZrnkZ10,['ูุฃุณ_ุงูุนุฑุจ'],positive
83,ูุฑูู ุงูุฌุฒุงุฆุฑ ุงููุทูู ุงููุงุฆุฒ ุจุจุทููุฉ #ูุฃุณ_ุงูุนุฑุจ ูุฑูุน ุนูู #ููุณุทูู ุจุฌุงูุจ ุนูู ุจูุงุฏูุ ุญุฑูุฉ ุฑูุฒูุฉ ูุฏ ูุนุชุจุฑูุง ุงูุจุนุถ ุนุงุฏูุฉ ูููููุง ุซูููุฉ ุนูู ุงูููุงู ุงูุตูููููุ ูุงูุซุฑ ุดุฆ ููููู ูู ุชูุณู ุงูุดุนูุจ ุงูุญูุฉ ุจูุถูุฉ ููุณุทููุ ูุฐุง ุงูุชุนุงุทู ูุฌุนู ุดุนูุฉ ุงูุฃูู ูุง ุชูุทููุ ุชุญูุฉ ููุฑูู ุงูุฌุฒุงุฆุฑ ููุดุนุจู https://t.co/RfKZrnkZ10,['ูุฃุณ_ุงูุนุฑุจ'],positive
84,"ูุฑุญุจุง ูุงููู ููุณููุง ุจุงูุนุซูุงูููู ูุงุญูุงุฏ #ุงุฑุทุบุฑู ๐

#ูุฃุณ_ุงูุนุฑุจ #ูุงุณ_ุงูุนุงูู #ูุทุฑ2022 https://t.co/7Fr82fOTuI",['ูุฃุณ_ุงูุนุฑุจ'],positive
85,ุจุนูู #ููุณุทูู.. ูุงุนุจู #ุงูุฌุฒุงุฆุฑ ูุญุชูููู ุจุงูุชุฃูู ููุตู ููุงุฆู #ูุฃุณ_ุงูุนุฑุจ https://t.co/D6LlBxA1Kb,['ูุฃุณ_ุงูุนุฑุจ'],positive
86,"ูุจุงุฑุงุฉ ููุญููุฉ ุจูู #ุงูุฌุฒุงุฆุฑ ู #ุงููุบุฑุจ .. ูููุณู ุจูุงููู ูุซูุฌ ุตุฏูุฑ ูุญุงุฑุจู ุงูุตุญุฑุงุก ููุซูุฑ ุฑุนุจูู ุฃูุถุง..ูููุงูุณุฉ ูุดุชุนูุฉ ุจูู 4 ููุชุฎุจุงุช ุนูู ููุจ #ูุฃุณ_ุงูุนุฑุจ 
ุดุงุฑูููุง ุชููุนุงุชูู ููููุชุฎุจ ุงูุจุทู ูู ุญููุฉ ุงููููุฉ ูู #ุชุฑููุฏููุบ_ุณุจูุฑุช 
ุชูุงู ุงูุชุงุณุนุฉ ูุงููุตู ุจุชูููุช ุฏุจู https://t.co/DS8bSb9oJq",['ูุฃุณ_ุงูุนุฑุจ'],neutral
87,"ุจุฑุดูููุฉ ุฃุตุจุญ ุตูุฏูฑ ุณูููฑ . .
#ุจุฑุดูููู_ุงูุณุงุณููุง
#ุงูููุบุง
#ูุฃุณ_ุงูุนุฑุจ
#OsasunaBarรงa https://t.co/gsU89P2Tp2",['ูุฃุณ_ุงูุนุฑุจ'],negative
88,"#ุงูุฌุฒุงุฆุฑ_ุงููุบุฑุจ #ูุฃุณ_ุงูุนุฑุจ
ุฌูุงุฒุฉ ูุงูููุบุฑููุจ ุฌูุงุฒุฉ๐คฃ๐คฃ๐คฃ๐คฃ๐คฃ๐คฃ๐คฃ๐คฃ๐คฃ๐คฃ๐คฃ๐คฃ๐คฃ๐คฃ๐คฃ๐คฃ๐คฃ https://t.co/0agvBQaxfQ",['ูุฃุณ_ุงูุนุฑุจ'],negative
89,"#ูุฃุณ_ุงูุนุฑุจ #ูููุง #ูุทุฑ 2021
ุงูุทูุงู ุงูุฅุนุฏุงุฏ ููุตู ุงูููุงุฆู ู ุนูู ูุนููู ููุถู ูููุฌููุนุฉ
ุฃูุซุฑ ุชูุงุตูู : https://t.co/o0TWKWDkSH

#FIFArabCup https://t.co/NWL4VM6S1B",['ูุฃุณ_ุงูุนุฑุจ'],neutral
90,"๐๐คฉ ุตุงุฑูุฎูุฉ ุจูุงููู ูู ุฒุงููุฉ ูุฎุชููุฉ 

ุตูู ุงููุฏู ุจูููุฉ โ๐ผ

#ูุฃุณ_ุงูุนุฑุจ | #ูููุฏูุงู_ุงูุนุฑุจ | #ุงููุบุฑุจ_ุงูุฌุฒุงุฆุฑ 
#FIFArabCup | #ArabCup2021 https://t.co/ngkw7tpP9b",['ูุฃุณ_ุงูุนุฑุจ'],neutral
91,"#ูุฃุณ_ุงูุนุฑุจ #ูููุง #ูุทุฑ 2021
ุงูุทูุงู ุงูุฅุนุฏุงุฏ ููุตู ุงูููุงุฆู ู ุนูู ูุนููู ููุถู ูููุฌููุนุฉ
ุฃูุซุฑ ุชูุงุตูู : https://t.co/o0TWKWDkSH

#FIFArabCup https://t.co/NWL4VM6S1B",['ูุฃุณ_ุงูุนุฑุจ'],neutral
92,"ูุงุชุงูุงุช ุงูุดุนุจ ุงูุฌุฒุงุฆุฑู ุจุนุฏ ูุจุงุฑุงุชูู ููู ุฃูุณ ูู ุจุทููุฉ #ูุฃุณ_ุงูุนุฑุจ 

""ุจุงูุฑูุญ ุจุงูุฏู ููุฏูู ูุง ุฃูุตู"" 

#ุงูุฌุฒุงุฆุฑ 
#ููุณุทูู https://t.co/uCn5Ptk5Z9",['ูุฃุณ_ุงูุนุฑุจ'],positive
93,๐ธ | ุงูุฃุทูุงู ุงูุตุบุงุฑ ูุณุฌููู ุญุถูุฑูู ูู ูุฏุฑุฌุงุช ููุงุนุจ ๐#ูุฃุณ_ุงูุนุฑุจ ุฎูุงู ููุงุฌูุฉ #ุงูุฌุฒุงุฆุฑ_ุงููุบุฑุจ . https://t.co/K39nVlaNKL,['ูุฃุณ_ุงูุนุฑุจ'],neutral
94,"ุชูุฑูุฑ : ูุจุงุฑุงุฉ #ุงููุบุฑุจ_ุงูุฌุฒุงุฆุฑ 

#ูุฃุณ_ุงูุนุฑุจ_2021 #ูุงุณ_ุงูุนุฑุจ_FIFA #ูุฃุณ_ุงูุนุฑุจ #ูุฃุณ_ุงูุนุงูู_ููุฃูุฏูุฉ https://t.co/nx6cycp1qE",['ูุฃุณ_ุงูุนุฑุจ'],neutral
95,ูุงุนุจู #ุงูุฌุฒุงุฆุฑ ูุญุชูููู ุจุฑูุน ุนูู ููุณุทูู ุจุนุฏ ููุฒูู ุนูู ุงููุบุฑุจ ูุจููุบูู ุงููุฑุจุน ุงูุฐูุจู ูู #ูุฃุณ_ุงูุนุฑุจ ุจูุทุฑ https://t.co/uZieZMLzBI,['ูุฃุณ_ุงูุนุฑุจ'],positive
96,ูู ูุชูุฌ ุจู #ูุฃุณ_ุงูุนุฑุจุ,['ูุฃุณ_ุงูุนุฑุจ'],neutral
97,"ููุชุฎุจ ุงูุฌุฒุงุฆุฑ ูุชูุฌ ุจุจุทููุฉ #ูุฃุณ_ุงูุนุฑุจ ููุฑูุน ูุงุนุจูู ุนูู #ููุณุทูู ูุนูู ุงูุฌุฒุงุฆุฑ ูุจู ุณููุงู ูุนูุงู ุฒุงูุฏ ูุจูุทูุง ุงูุจุญุฑ ูู ูุงุณูุงุฏูู ูู ููุงู ุงูุงุญุชูุงู
ุชุญูุฉ ูุดุนุจ ุงูุฌุฒุงุฆุฑ ุงูุนุธูู https://t.co/eCtCOSw4DJ",['ูุฃุณ_ุงูุนุฑุจ'],positive
98,"ูุฑุญุจุง ูุงููู ููุณููุง ุจุงูุนุซูุงูููู ูุงุญูุงุฏ #ุงุฑุทุบุฑู ๐

#ูุฃุณ_ุงูุนุฑุจ #ูุงุณ_ุงูุนุงูู #ูุทุฑ2022 https://t.co/7Fr82fOTuI",['ูุฃุณ_ุงูุนุฑุจ'],positive
99,@Ms3don ูุทุฑ ุฎุชูุช ุงูุฅุจุฏุงุน ูู #ูุฃุณ_ุงูุนุฑุจ,['ูุฃุณ_ุงูุนุฑุจ'],positive
100,@FollowersAlkass @kalhiddi @AAlbraida @Faisal_Alhajri0 @Arabcup21 ุจุนุฏ ุงููุฌุงุญ ุงููุจูุฑ ููุงุณ ุงูุนุฑุจ ูู ูุทุฑ.ุงุชููู ุงู ุชุณุชูุฑ ุงููุณุงุจูุฉ #ูุฃุณ_ุงูุนุฑุจ,['ูุฃุณ_ุงูุนุฑุจ'],positive
101,"ุงูุญุฏูุฏ ุงูุฌุฒุงุฆุฑูุฉ ุงููุบุฑุจูุฉ ุงูุจุงุฑุญ ๐ฉ๐ฟ๐ช

#ุงูุฌุฒุงุฆุฑ_ุงููุบุฑุจ #ูุฃุณ_ุงูุนุฑุจ https://t.co/MEyZ52QOKc",['ูุฃุณ_ุงูุนุฑุจ'],neutral
102,"#ููุงุทุนุฉ_ุงูููุชุฌุงุช_ุงููุฑูุณูุฉ409 
#ููุงุทุนู_ุงูููุชุฌุงุช_ุงููุฑูุณูู410 
#ููุงุทุนู_ุงูููุชุฌุงุช_ุงููุฑูุณูู411 
#ููุงุทุนู_ุงูููุชุฌุงุช_ุงููุฑูุณูู412 
#ููุณุทูู #ููุณุทูู_ูุถูุชู 
#ุฌูููุฑูุฉ_ูุฑูุช #ูุฃุณ_ุงูุนุฑุจ 
ฺชู ุฃูุฏุขุฑ ุงููู ุทูุจูู๐ช
ุณูุขุก ุทูุขุจุช ุจููุข ุฑูุญฺช ุฃู ูู ุชุทุจ๐๐ฅ
        ูุงููู ูุนููู ูุฃูุชู ูุข ุชุนูููู ๐ https://t.co/U1Tk2OCX2m",['ูุฃุณ_ุงูุนุฑุจ'],negative
103,"ูุฃุณ ุงูุนุฑุจ 2021: ูุตุฑ ูุงูุฌุฒุงุฆุฑ ุฅูู ูุตู ุงูููุงุฆู

https://t.co/JpH3ZGNXPL
#ูุฃุณ_ุงูุนุฑุจ #ูุจุงุฑุงุฉ https://t.co/Hrnk2hvPKw",['ูุฃุณ_ุงูุนุฑุจ'],neutral
104,"๐๐ฅ ุชุณุฏูุฏุฉ ุตุงุฑูุฎูุฉ ุฎุฑุงููุฉ ูู ููุณู ุงูุจูุงููู ุชุณูู ุดุจุงู ุงูููุชุฎุจ ุงููุบุฑุจู

#ูุฃุณ_ุงูุนุฑุจ #ูููุฏูุงู_ุงูุนุฑุจ #ุงููุบุฑุจ_ุงูุฌุฒุงุฆุฑ 
#FIFArabCup #ArabCup2021 https://t.co/6Q52tC8NX4",['ูุฃุณ_ุงูุนุฑุจ'],positive
105,"ูุฐุง ุงูุฌุฒุงุฆุฑู ุงุณุชุญู ูุจูุฉ ุนูู ุฑุฃุณู .
ูุงู : ูุญู ู #ุงููุบุฑุจ ุฃุดูุงุก ููู ููุฑููุง ุงูุณูุงุณููู .
#ุงูุฌุฒุงุฆุฑ #ุงููุบุฑุจ #ูุฃุณ_ุงูุนุฑุจ #ูุทุฑ https://t.co/PXP7OjEvlE",['ูุฃุณ_ุงูุนุฑุจ'],positive
106,ุจุนูู #ููุณุทูู.. ูุงุนุจู #ุงูุฌุฒุงุฆุฑ ูุญุชูููู ุจุงูุชุฃูู ููุตู ููุงุฆู #ูุฃุณ_ุงูุนุฑุจ https://t.co/D6LlBxA1Kb,['ูุฃุณ_ุงูุนุฑุจ'],positive
107,ุจุนูู #ููุณุทูู.. ูุงุนุจู #ุงูุฌุฒุงุฆุฑ ูุญุชูููู ุจุงูุชุฃูู ููุตู ููุงุฆู #ูุฃุณ_ุงูุนุฑุจ https://t.co/D6LlBxA1Kb,['ูุฃุณ_ุงูุนุฑุจ'],positive
108,"๐๐ฅ ุชุณุฏูุฏุฉ ุตุงุฑูุฎูุฉ ุฎุฑุงููุฉ ูู ููุณู ุงูุจูุงููู ุชุณูู ุดุจุงู ุงูููุชุฎุจ ุงููุบุฑุจู

#ูุฃุณ_ุงูุนุฑุจ #ูููุฏูุงู_ุงูุนุฑุจ #ุงููุบุฑุจ_ุงูุฌุฒุงุฆุฑ 
#FIFArabCup #ArabCup2021 https://t.co/6Q52tC8NX4",['ูุฃุณ_ุงูุนุฑุจ'],positive
109,"ุดูุฑุง #ูุตุฑ ุฅูู ุงูุฃูุงู ุณุฑ
ูู ุงูุญุจ ูุงูุชูุฏูุฑ ููู 
#ุงููุบุฑุจ 
#ุงูุตุญุฑุงุก_ุงููุบุฑุจูุฉ 
#ูุฃุณ_ุงูุนุฑุจ https://t.co/OiKQkZa5Y6",['ูุฃุณ_ุงูุนุฑุจ'],positive
110,"๐๐ฅ ุชุณุฏูุฏุฉ ุตุงุฑูุฎูุฉ ุฎุฑุงููุฉ ูู ููุณู ุงูุจูุงููู ุชุณูู ุดุจุงู ุงูููุชุฎุจ ุงููุบุฑุจู

#ูุฃุณ_ุงูุนุฑุจ #ูููุฏูุงู_ุงูุนุฑุจ #ุงููุบุฑุจ_ุงูุฌุฒุงุฆุฑ 
#FIFArabCup #ArabCup2021 https://t.co/6Q52tC8NX4",['ูุฃุณ_ุงูุนุฑุจ'],positive
111,"#ููุฑุฌุงู_ุงููุญุงูู_ุงูุชูููุฏูุฉ  ุจุงูุชุฒุงูู ูุน #ูููุฏูุงู_ุงูุนุฑุจ  #ูุฃุณ_ุงูุนุฑุจ ูู #ุงูุฏูุญุฉ
.
.
""ูุฌุณุฏ ุงูุญูุงุฉ ุงูุฎููุฌูุฉ ุงููุฏููุฉ .. ูุณุจู ูุณุจ ุงูุนูุด ูุฃููุงุท ุงูุญูุงุฉ ูู ุงููุงุถู ""

ุบุฑูุจ ุงูุจููุดู ูุชุญุฏุซ ุนู ุงููุดุงุฑูุฉ ุงูุนูุงููุฉ ูู ุงูููุฑุฌุงู ุนุจุฑ ุจุฑูุงูุฌ
#ุงููุตุงู_ูู_ูููุฏูุงู_ุงูุนุฑุจ ูุน @mo7_3lawi ูู #ูุทุฑ https://t.co/ZOHq8x7iHP",['ูุฃุณ_ุงูุนุฑุจ'],neutral
112,"๐๐คฉ ุตุงุฑูุฎูุฉ ุจูุงููู ูู ุฒุงููุฉ ูุฎุชููุฉ 

ุตูู ุงููุฏู ุจูููุฉ โ๐ผ

#ูุฃุณ_ุงูุนุฑุจ | #ูููุฏูุงู_ุงูุนุฑุจ | #ุงููุบุฑุจ_ุงูุฌุฒุงุฆุฑ 
#FIFArabCup | #ArabCup2021 https://t.co/ngkw7tpP9b",['ูุฃุณ_ุงูุนุฑุจ'],neutral
113,"ูุญุฏุซ ุฃุญููุขูุงู ุฃู ูู ูุณุชุทูุน
ุฅุญุชุถูุขู ุฃูุฌูููุขุน ุงูุขุฎุฑููู
ูุข ูุณุชุทูุน ุฅุญุชุถููุขู ุฃูุฌูููุขุนูููู๐

#ููุงุทุนุฉ_ุงูููุชุฌุงุช_ุงููุฑูุณูุฉ409 
#ููุงุทุนู_ุงูููุชุฌุงุช_ุงููุฑูุณูู410 
#ููุงุทุนู_ุงูููุชุฌุงุช_ุงููุฑูุณูู411 
#ููุงุทุนู_ุงูููุชุฌุงุช_ุงููุฑูุณูู412 
#ููุณุทูู #ููุณุทูู_ูุถูุชู 
#ุฌูููุฑูุฉ_ูุฑูุช #ูุฃุณ_ุงูุนุฑุจ",['ูุฃุณ_ุงูุนุฑุจ'],negative
114,ูุฑูู ุงูุฌุฒุงุฆุฑ ุงููุทูู ุงููุงุฆุฒ ุจุจุทููุฉ #ูุฃุณ_ุงูุนุฑุจ ูุฑูุน ุนูู #ููุณุทูู ุจุฌุงูุจ ุนูู ุจูุงุฏูุ ุญุฑูุฉ ุฑูุฒูุฉ ูุฏ ูุนุชุจุฑูุง ุงูุจุนุถ ุนุงุฏูุฉ ูููููุง ุซูููุฉ ุนูู ุงูููุงู ุงูุตูููููุ ูุงูุซุฑ ุดุฆ ููููู ูู ุชูุณู ุงูุดุนูุจ ุงูุญูุฉ ุจูุถูุฉ ููุณุทููุ ูุฐุง ุงูุชุนุงุทู ูุฌุนู ุดุนูุฉ ุงูุฃูู ูุง ุชูุทููุ ุชุญูุฉ ููุฑูู ุงูุฌุฒุงุฆุฑ ููุดุนุจู https://t.co/RfKZrnkZ10,['ูุฃุณ_ุงูุนุฑุจ'],positive
115,ูู ูุชูุฌ ุจู #ูุฃุณ_ุงูุนุฑุจุ,['ูุฃุณ_ุงูุนุฑุจ'],neutral
116,"#ููุงุทุนุฉ_ุงูููุชุฌุงุช_ุงููุฑูุณูุฉ409 
#ููุงุทุนู_ุงูููุชุฌุงุช_ุงููุฑูุณูู410 
#ููุงุทุนู_ุงูููุชุฌุงุช_ุงููุฑูุณูู411 
#ููุงุทุนู_ุงูููุชุฌุงุช_ุงููุฑูุณูู412 
#ููุณุทูู #ููุณุทูู_ูุถูุชู 
#ุฌูููุฑูุฉ_ูุฑูุช #ูุฃุณ_ุงูุนุฑุจ 
๐๐๐คฃ๐คฃ๐คฃ๐คฃ๐คฃ 
ูุนุฑูุด ูุงููู ๐ณ https://t.co/afJjxP1Dqh",['ูุฃุณ_ุงูุนุฑุจ'],negative
117,"๐๐ฅ ุชุณุฏูุฏุฉ ุตุงุฑูุฎูุฉ ุฎุฑุงููุฉ ูู ููุณู ุงูุจูุงููู ุชุณูู ุดุจุงู ุงูููุชุฎุจ ุงููุบุฑุจู

#ูุฃุณ_ุงูุนุฑุจ #ูููุฏูุงู_ุงูุนุฑุจ #ุงููุบุฑุจ_ุงูุฌุฒุงุฆุฑ 
#FIFArabCup #ArabCup2021 https://t.co/6Q52tC8NX4",['ูุฃุณ_ุงูุนุฑุจ'],positive
118,ูุฑูู ุงูุฌุฒุงุฆุฑ ุงููุทูู ุงููุงุฆุฒ ุจุจุทููุฉ #ูุฃุณ_ุงูุนุฑุจ ูุฑูุน ุนูู #ููุณุทูู ุจุฌุงูุจ ุนูู ุจูุงุฏูุ ุญุฑูุฉ ุฑูุฒูุฉ ูุฏ ูุนุชุจุฑูุง ุงูุจุนุถ ุนุงุฏูุฉ ูููููุง ุซูููุฉ ุนูู ุงูููุงู ุงูุตูููููุ ูุงูุซุฑ ุดุฆ ููููู ูู ุชูุณู ุงูุดุนูุจ ุงูุญูุฉ ุจูุถูุฉ ููุณุทููุ ูุฐุง ุงูุชุนุงุทู ูุฌุนู ุดุนูุฉ ุงูุฃูู ูุง ุชูุทููุ ุชุญูุฉ ููุฑูู ุงูุฌุฒุงุฆุฑ ููุดุนุจู https://t.co/RfKZrnkZ10,['ูุฃุณ_ุงูุนุฑุจ'],positive
119,"ููุชุฎุจ ุงูุฌุฒุงุฆุฑ ูุชูุฌ ุจุจุทููุฉ #ูุฃุณ_ุงูุนุฑุจ ููุฑูุน ูุงุนุจูู ุนูู #ููุณุทูู ูุนูู ุงูุฌุฒุงุฆุฑ ูุจู ุณููุงู ูุนูุงู ุฒุงูุฏ ูุจูุทูุง ุงูุจุญุฑ ูู ูุงุณูุงุฏูู ูู ููุงู ุงูุงุญุชูุงู
ุชุญูุฉ ูุดุนุจ ุงูุฌุฒุงุฆุฑ ุงูุนุธูู https://t.co/eCtCOSw4DJ",['ูุฃุณ_ุงูุนุฑุจ'],positive
120,"ุจุนุฏ ููุฒูู ุชุญูู ุงูุนูู ุงูุงูุงุฑุงุชู 
ุชุชูุงุตู ููุงุญู ุงูุฌูููุฑ ุงูุชููุณู ุจุงูุนุจุซ ูู ูุฑุงุณู ููุนุจ ูุจุงุฑุงู #ุชููุณ_ุนูุงู 
 #ูุฃุณ_ุงูุนุฑุจ https://t.co/hxyD913Gbf",['ูุฃุณ_ุงูุนุฑุจ'],negative
121,"ููุชุฎุจ ุงูุฌุฒุงุฆุฑ ูุชูุฌ ุจุจุทููุฉ #ูุฃุณ_ุงูุนุฑุจ ููุฑูุน ูุงุนุจูู ุนูู #ููุณุทูู ูุนูู ุงูุฌุฒุงุฆุฑ ูุจู ุณููุงู ูุนูุงู ุฒุงูุฏ ูุจูุทูุง ุงูุจุญุฑ ูู ูุงุณูุงุฏูู ูู ููุงู ุงูุงุญุชูุงู
ุชุญูุฉ ูุดุนุจ ุงูุฌุฒุงุฆุฑ ุงูุนุธูู https://t.co/eCtCOSw4DJ",['ูุฃุณ_ุงูุนุฑุจ'],positive
122,ูุฑูู ุงูุฌุฒุงุฆุฑ ุงููุทูู ุงููุงุฆุฒ ุจุจุทููุฉ #ูุฃุณ_ุงูุนุฑุจ ูุฑูุน ุนูู #ููุณุทูู ุจุฌุงูุจ ุนูู ุจูุงุฏูุ ุญุฑูุฉ ุฑูุฒูุฉ ูุฏ ูุนุชุจุฑูุง ุงูุจุนุถ ุนุงุฏูุฉ ูููููุง ุซูููุฉ ุนูู ุงูููุงู ุงูุตูููููุ ูุงูุซุฑ ุดุฆ ููููู ูู ุชูุณู ุงูุดุนูุจ ุงูุญูุฉ ุจูุถูุฉ ููุณุทููุ ูุฐุง ุงูุชุนุงุทู ูุฌุนู ุดุนูุฉ ุงูุฃูู ูุง ุชูุทููุ ุชุญูุฉ ููุฑูู ุงูุฌุฒุงุฆุฑ ููุดุนุจู https://t.co/RfKZrnkZ10,['ูุฃุณ_ุงูุนุฑุจ'],positive
123,ูุฑูู ุงูุฌุฒุงุฆุฑ ุงููุทูู ุงููุงุฆุฒ ุจุจุทููุฉ #ูุฃุณ_ุงูุนุฑุจ ูุฑูุน ุนูู #ููุณุทูู ุจุฌุงูุจ ุนูู ุจูุงุฏูุ ุญุฑูุฉ ุฑูุฒูุฉ ูุฏ ูุนุชุจุฑูุง ุงูุจุนุถ ุนุงุฏูุฉ ูููููุง ุซูููุฉ ุนูู ุงูููุงู ุงูุตูููููุ ูุงูุซุฑ ุดุฆ ููููู ูู ุชูุณู ุงูุดุนูุจ ุงูุญูุฉ ุจูุถูุฉ ููุณุทููุ ูุฐุง ุงูุชุนุงุทู ูุฌุนู ุดุนูุฉ ุงูุฃูู ูุง ุชูุทููุ ุชุญูุฉ ููุฑูู ุงูุฌุฒุงุฆุฑ ููุดุนุจู https://t.co/RfKZrnkZ10,['ูุฃุณ_ุงูุนุฑุจ'],positive
124,"ุงูููููุซูููุงูููููู ูููุฑุงุนูุฉ ๐ฅ

ูุฏู ุฑุงุฆุน ูู ุฃุญูุฏ ุฑูุนุช ๐

ูุชูุฑูุฑุฉ ุณุญุฑูุฉ ูู ูุญูุฏ ุดุฑูู ๐ช

#ูุฃุณ_ุงูุนุฑุจ | #FIFArabCup

https://t.co/lZZqj8wzbe",['ูุฃุณ_ุงูุนุฑุจ'],positive
125,"๐๐คฉ ุตุงุฑูุฎูุฉ ุจูุงููู ูู ุฒุงููุฉ ูุฎุชููุฉ 

ุตูู ุงููุฏู ุจูููุฉ โ๐ผ

#ูุฃุณ_ุงูุนุฑุจ | #ูููุฏูุงู_ุงูุนุฑุจ | #ุงููุบุฑุจ_ุงูุฌุฒุงุฆุฑ 
#FIFArabCup | #ArabCup2021 https://t.co/ngkw7tpP9b",['ูุฃุณ_ุงูุนุฑุจ'],neutral
126,ูุฑูู ุงูุฌุฒุงุฆุฑ ุงููุทูู ุงููุงุฆุฒ ุจุจุทููุฉ #ูุฃุณ_ุงูุนุฑุจ ูุฑูุน ุนูู #ููุณุทูู ุจุฌุงูุจ ุนูู ุจูุงุฏูุ ุญุฑูุฉ ุฑูุฒูุฉ ูุฏ ูุนุชุจุฑูุง ุงูุจุนุถ ุนุงุฏูุฉ ูููููุง ุซูููุฉ ุนูู ุงูููุงู ุงูุตูููููุ ูุงูุซุฑ ุดุฆ ููููู ูู ุชูุณู ุงูุดุนูุจ ุงูุญูุฉ ุจูุถูุฉ ููุณุทููุ ูุฐุง ุงูุชุนุงุทู ูุฌุนู ุดุนูุฉ ุงูุฃูู ูุง ุชูุทููุ ุชุญูุฉ ููุฑูู ุงูุฌุฒุงุฆุฑ ููุดุนุจู https://t.co/RfKZrnkZ10,['ูุฃุณ_ุงูุนุฑุจ'],positive
127,"#ููุงุทุนุฉ_ุงูููุชุฌุงุช_ุงููุฑูุณูุฉ409 
#ููุงุทุนู_ุงูููุชุฌุงุช_ุงููุฑูุณูู410 
#ููุงุทุนู_ุงูููุชุฌุงุช_ุงููุฑูุณูู411 
#ููุงุทุนู_ุงูููุชุฌุงุช_ุงููุฑูุณูู412 
#ููุณุทูู #ููุณุทูู_ูุถูุชู 
#ูุฃุณ_ุงูุนุฑุจ 
#ุฌูููุฑูุฉ_ูุฑูุช 
 #ุฌูููุฑูุฉ_ููุฑูุช
  ุญูููุฉ ููุงูุน ๐๐ https://t.co/KmIfqpiZ29",['ูุฃุณ_ุงูุนุฑุจ'],neutral
128,"ูู ูู ุงูุฌูููุฑ ุงูุฃุจุฑุฒ ูู ุจุทููุฉ #ูุงุณ_ุงูุนุฑุจ_FIFA  ุญุชู ุงูุขู ุ

#ูุฃุณ_ุงูุนุฑุจ 
#ูุงุณ_ุงูุนุฑุจ_FIFA 
#ArabCup 
#ูุฌูุณ_ููุงุฉ_ุงููุงุณ",['ูุฃุณ_ุงูุนุฑุจ'],neutral
129,"#ูุฃุณ_ุงูุนุฑุจ #ูููุง #ูุทุฑ 2021
ุงูุทูุงู ุงูุฅุนุฏุงุฏ ููุตู ุงูููุงุฆู ู ุนูู ูุนููู ููุถู ูููุฌููุนุฉ
ุฃูุซุฑ ุชูุงุตูู : https://t.co/o0TWKWDkSH

#FIFArabCup https://t.co/NWL4VM6S1B",['ูุฃุณ_ุงูุนุฑุจ'],neutral
130,ูุฑูู ุงูุฌุฒุงุฆุฑ ุงููุทูู ุงููุงุฆุฒ ุจุจุทููุฉ #ูุฃุณ_ุงูุนุฑุจ ูุฑูุน ุนูู #ููุณุทูู ุจุฌุงูุจ ุนูู ุจูุงุฏูุ ุญุฑูุฉ ุฑูุฒูุฉ ูุฏ ูุนุชุจุฑูุง ุงูุจุนุถ ุนุงุฏูุฉ ูููููุง ุซูููุฉ ุนูู ุงูููุงู ุงูุตูููููุ ูุงูุซุฑ ุดุฆ ููููู ูู ุชูุณู ุงูุดุนูุจ ุงูุญูุฉ ุจูุถูุฉ ููุณุทููุ ูุฐุง ุงูุชุนุงุทู ูุฌุนู ุดุนูุฉ ุงูุฃูู ูุง ุชูุทููุ ุชุญูุฉ ููุฑูู ุงูุฌุฒุงุฆุฑ ููุดุนุจู https://t.co/RfKZrnkZ10,['ูุฃุณ_ุงูุนุฑุจ'],positive
131,ุจุงููุณุจุฉ ูู #ูุทุฑ ูู ุฃูุจุฑ ุงููุงุฆุฒูู ูู #ูุฃุณ_ุงูุนุฑุจ ุจูุง ููุงุฒุน ุญุชู ููู ูู ุชุญุฑุฒ ุงููุฃุณ ููุฏ ูุงุฒุช ููุฌุญุช ูู ุชูุธูู ุงููุจูุฑ ูุงูุฑุงุฆุน ููุฐู ุงููุนุงููุฉ ุงูุง ุงุฐุง ูุงุฒุช ุจุงููุฃุณ ูุงูุชูุธูู ูุนุงู ููุฐุง ุฎูุฑ ูุจุฑูุฉ .,['ูุฃุณ_ุงูุนุฑุจ'],positive
132,"ูู ูุญูู ููุจ #ูุฃุณ_ุงูุนุฑุจุ

#ูุฃุณ_ุงูุนุฑุจ_FIFA ูุทุฑ 2021
#ุงูุฌุณุฑุฉ_ุงูุฅุฎุจุงุฑูุฉ",['ูุฃุณ_ุงูุนุฑุจ'],neutral
133,"7๏ธโฃ ุฃูุฏุงู ููุฌูู ุฏูุฑููุง ูู ุงูุฏูุฑ ุฑุจุน ุงูููุงุฆู ูู #ูุฃุณ_ุงูุนุฑุจ ๐

๐ถ๐ฆ ุงููุนุฒ ุนูู  - ูุฏููู โฝ๏ธโฝ๏ธ
๐ถ๐ฆ ุนุจุฏุงูุนุฒูุฒ ุญุงุชู  - ูุฏู โฝ๏ธ
๐ถ๐ฆ ุจูุนูุงู ุฎูุฎู  - ูุฏู โฝ๏ธ
๐น๐ณ ููุณู ุงููุณุงููู - ูุฏู โฝ๏ธ
๐ฉ๐ฟ ูุงุณูู ุจุฑุงูููู  - ูุฏู โฝ๏ธ
๐ฉ๐ฟ ููุณู ุงูุจูุงููู  - ูุฏู โฝ๏ธ https://t.co/mpGm27IXx3",['ูุฃุณ_ุงูุนุฑุจ'],neutral
134,"ูู ูุญูู ููุจ #ูุฃุณ_ุงูุนุฑุจุ

#ูุฃุณ_ุงูุนุฑุจ_FIFA ูุทุฑ 2021
#ุงูุฌุณุฑุฉ_ุงูุฅุฎุจุงุฑูุฉ",['ูุฃุณ_ุงูุนุฑุจ'],neutral
135,"ููุชุฎุจ ุงูุฌุฒุงุฆุฑ ูุชูุฌ ุจุจุทููุฉ #ูุฃุณ_ุงูุนุฑุจ ููุฑูุน ูุงุนุจูู ุนูู #ููุณุทูู ูุนูู ุงูุฌุฒุงุฆุฑ ูุจู ุณููุงู ูุนูุงู ุฒุงูุฏ ูุจูุทูุง ุงูุจุญุฑ ูู ูุงุณูุงุฏูู ูู ููุงู ุงูุงุญุชูุงู
ุชุญูุฉ ูุดุนุจ ุงูุฌุฒุงุฆุฑ ุงูุนุธูู https://t.co/eCtCOSw4DJ",['ูุฃุณ_ุงูุนุฑุจ'],positive
136,"ูุฃุณ ุงูุนุฑุจ 2021: ูุตุฑ ูุงูุฌุฒุงุฆุฑ ุฅูู ูุตู ุงูููุงุฆู

https://t.co/JpH3ZGNXPL
#ูุฃุณ_ุงูุนุฑุจ #ูุจุงุฑุงุฉ https://t.co/Hrnk2hvPKw",['ูุฃุณ_ุงูุนุฑุจ'],neutral
137,ูุฑูู ุงูุฌุฒุงุฆุฑ ุงููุทูู ุงููุงุฆุฒ ุจุจุทููุฉ #ูุฃุณ_ุงูุนุฑุจ ูุฑูุน ุนูู #ููุณุทูู ุจุฌุงูุจ ุนูู ุจูุงุฏูุ ุญุฑูุฉ ุฑูุฒูุฉ ูุฏ ูุนุชุจุฑูุง ุงูุจุนุถ ุนุงุฏูุฉ ูููููุง ุซูููุฉ ุนูู ุงูููุงู ุงูุตูููููุ ูุงูุซุฑ ุดุฆ ููููู ูู ุชูุณู ุงูุดุนูุจ ุงูุญูุฉ ุจูุถูุฉ ููุณุทููุ ูุฐุง ุงูุชุนุงุทู ูุฌุนู ุดุนูุฉ ุงูุฃูู ูุง ุชูุทููุ ุชุญูุฉ ููุฑูู ุงูุฌุฒุงุฆุฑ ููุดุนุจู https://t.co/RfKZrnkZ10,['ูุฃุณ_ุงูุนุฑุจ'],positive
138,"ูุตุฑุน ูุชู ุฌุฒุงุฆุฑู ุจุนุฏ ุณููุทู ูู ุดุงุญูุฉ ุฃุซูุงุก ุงุญุชูุงูู ุจุงูููุฒ ุนูู ุงููุบุฑุจ ุจู #ูุฃุณ_ุงูุนุฑุจ 2021

https://t.co/dJSE74Jl4h

#FIFArabCup https://t.co/QnnkE2OR7P",['ูุฃุณ_ุงูุนุฑุจ'],neutral
139,"ุชุฃูู #ููุชุฎุจ_ุงูุฌุฒุงุฆุฑ ุฅูู ูุตู ููุงุฆู ูุฃุณ ุงูุนุฑุจ ุจุนุฏ ููุฒู ุนูู ูุธูุฑู ุงููุบุฑุจู ูู ุฑุจุน ููุงุฆู #ูุฃุณ_ุงูุนุฑุจ 2021.

ูุฌูู ุงูุฎุถุฑ ุชูุดููุญูุง ุงูุนูู ุงูููุณุทููู ูุงูููููุฉ ุงูููุณุทูููุฉุ ููู ุงููุฏุฑุฌุงุช ุนูุช ุฃูุงุฒูุฌ ุงูุฌูุงููุฑ ุงูุฌุฒุงุฆุฑูุฉ ุจุฃูุดูุฏุฉ #ููุณุทูู  ููุคูุฏูุง ูุฌุฏุฏุงู ุฃููู ุซุงุจุชูู ูุน ููุณุทูู ูุดุนุจูุง.

#ุงูุฌุฒุงุฆุฑ https://t.co/4VpwpRFob9",['ูุฃุณ_ุงูุนุฑุจ'],positive
140,"ุตูุฑุฉ.. ููุงุนูุฏ ูุจุงุฑูุงุช ูุตู ููุงุฆู ูุฃุณ ุงูุนุฑุจ 2021
https://t.co/3MkUUA7i5s
#ูุฃุณ_ุงูุนุฑุจ",['ูุฃุณ_ุงูุนุฑุจ'],neutral
141,"ูุตุฑุน ูุชู ุฌุฒุงุฆุฑู ุจุนุฏ ุณููุทู ูู ุดุงุญูุฉ ุฃุซูุงุก ุงุญุชูุงูู ุจุงูููุฒ ุนูู ุงููุบุฑุจ ุจู #ูุฃุณ_ุงูุนุฑุจ 2021

https://t.co/dJSE74Jl4h

#FIFArabCup https://t.co/QnnkE2OR7P",['ูุฃุณ_ุงูุนุฑุจ'],neutral
142,"ููุง ุนููุฏุชูุง  #ุงูุฌุฒุงุฆุฑ... ุฏููุฉู ูุดุนุจู ููุฎุจู...
ูู ูุฑุญู ููุณูู ูุน ููุณุทูู ููู ุงูุชุตุงุฑู ููุชู ูููุณุทูู...
ุจุฑูุน ุงูุนูู ุงูููุณุทูููุ ุงุญุชูู ุงูููุชุฎุจ ุงูุฌุฒุงุฆุฑู ุจุงูุชุฃูู ููุตู ููุงุฆู #ูุฃุณ_ุงูุนุฑุจ... https://t.co/mnoSSIepLy",['ูุฃุณ_ุงูุนุฑุจ'],positive
143,"ุจุงูููุฏูู: ูุงุนุจู ุงูููุชุฎุจ ุงูุฌุฒุงุฆุฑู ูุฑูุนูู ุฃุนูุงู ููุณุทูู ุจุนุฏ ุชุฃูููู ููุตู ููุงุฆู ูุฃุณ ุงูุนุฑุจ
https://t.co/SdRnMQ404o

#ุงูุฌุฒุงุฆุฑ
#ุงููุบุฑุจ
#ูุฑุฉ_ูุฏู
#ุฑูุงุถุฉ
#ุงูููุชุฎุจ_ุงูุฌุฒุงุฆุฑู
#ูุฃุณ_ุงูุนุฑุจ
#ุนูู_ููุณุทูู",['ูุฃุณ_ุงูุนุฑุจ'],positive
144,ูุชุถุญ ูู ุจุทููุฉ #ูุฃุณ_ุงูุนุฑุจ ุชูููู ุงููุฑุฉ ุงูุนุฑุจูุฉ ุงูุงูุฑูููุฉ ุนูู ุงููุฑุฉ ุงูุนุฑุจูุฉ ุงูุงุณูููุฉ! ูุงูุณุจุจ ุงุญุชุฑุงู ูุนุธู ูุงุนุจููู ูู ุงูุฑูุจุง.,['ูุฃุณ_ุงูุนุฑุจ'],negative
145,ูุฑูู ุงูุฌุฒุงุฆุฑ ุงููุทูู ุงููุงุฆุฒ ุจุจุทููุฉ #ูุฃุณ_ุงูุนุฑุจ ูุฑูุน ุนูู #ููุณุทูู ุจุฌุงูุจ ุนูู ุจูุงุฏูุ ุญุฑูุฉ ุฑูุฒูุฉ ูุฏ ูุนุชุจุฑูุง ุงูุจุนุถ ุนุงุฏูุฉ ูููููุง ุซูููุฉ ุนูู ุงูููุงู ุงูุตูููููุ ูุงูุซุฑ ุดุฆ ููููู ูู ุชูุณู ุงูุดุนูุจ ุงูุญูุฉ ุจูุถูุฉ ููุณุทููุ ูุฐุง ุงูุชุนุงุทู ูุฌุนู ุดุนูุฉ ุงูุฃูู ูุง ุชูุทููุ ุชุญูุฉ ููุฑูู ุงูุฌุฒุงุฆุฑ ููุดุนุจู https://t.co/RfKZrnkZ10,['ูุฃุณ_ุงูุนุฑุจ'],positive
146,"ูุงููู ุชุญุตููู ุงูุงุฌุฑ ุงููุซูุฑ ู ุงูุฎูุฑ ุงููููุฑ 
ุงููุซูุฑ ููุชููู ุงูุจุฑุฏ ูุง ุนูุฏูู ูุง ูุฏูููู. 
#MLSCup #ุฑุณุงูุฉ_ุงูููู #ูุฃุณ_ุงูุนุฑุจ #StrayKids https://t.co/fxwst6sOBb",['ูุฃุณ_ุงูุนุฑุจ'],positive
147,ูุงุนุจู #ุงูุฌุฒุงุฆุฑ ูุญุชูููู ุจุฑูุน ุนูู ููุณุทูู ุจุนุฏ ููุฒูู ุนูู ุงููุบุฑุจ ูุจููุบูู ุงููุฑุจุน ุงูุฐูุจู ูู #ูุฃุณ_ุงูุนุฑุจ ุจูุทุฑ https://t.co/uZieZMLzBI,['ูุฃุณ_ุงูุนุฑุจ'],positive
148,"ูุฑุญุจุง ูุงููู ููุณููุง ุจุงูุนุซูุงูููู ูุงุญูุงุฏ #ุงุฑุทุบุฑู ๐

#ูุฃุณ_ุงูุนุฑุจ #ูุงุณ_ุงูุนุงูู #ูุทุฑ2022 https://t.co/7Fr82fOTuI",['ูุฃุณ_ุงูุนุฑุจ'],positive
149,"ููุชุฎุจ ุงูุฌุฒุงุฆุฑ ูุชูุฌ ุจุจุทููุฉ #ูุฃุณ_ุงูุนุฑุจ ููุฑูุน ูุงุนุจูู ุนูู #ููุณุทูู ูุนูู ุงูุฌุฒุงุฆุฑ ูุจู ุณููุงู ูุนูุงู ุฒุงูุฏ ูุจูุทูุง ุงูุจุญุฑ ูู ูุงุณูุงุฏูู ูู ููุงู ุงูุงุญุชูุงู
ุชุญูุฉ ูุดุนุจ ุงูุฌุฒุงุฆุฑ ุงูุนุธูู https://t.co/eCtCOSw4DJ",['ูุฃุณ_ุงูุนุฑุจ'],positive
150,"ููุชุงุจุนุฉ ุจุทููุฉ #ูุฃุณ_ุงูุนุฑุจ 
ุชุนุงู ุฃูุช ูุฑุจุนู ูุดุงูุฏูุง ุงููุจุงุฑูุงุช ุงูููุถูุฉ ูุฏูููย
ูุงุณุชูุชุนูุง ุจุงูุฃุฌูุงุก ุงูุดุชููุฉ ุงููุฑููุฉ ูุนูุง ุงุนุชุจุงุฑุงู ูู 30 ููููุจุฑ ุฅูู 18 ุฏูุณูุจุฑ
๐ #ูุณูุท - ุญุฏุงุฆู ุงูุตุญูุฉ
๐ #ุตุญุงุฑ - ูุฑูุฒ ุตุญุงุฑ ุงูุชุฑููููย
๐ #ุตูุงูุฉย - ุฌุงุฑุฏูุฒ ููู

#ุงูุดุจูุจุฉ| ูุญุชูู ุฅุนูุงูู https://t.co/cio24DLRjv",['ูุฃุณ_ุงูุนุฑุจ'],neutral
151,"๐๐ฅ ุชุณุฏูุฏุฉ ุตุงุฑูุฎูุฉ ุฎุฑุงููุฉ ูู ููุณู ุงูุจูุงููู ุชุณูู ุดุจุงู ุงูููุชุฎุจ ุงููุบุฑุจู

#ูุฃุณ_ุงูุนุฑุจ #ูููุฏูุงู_ุงูุนุฑุจ #ุงููุบุฑุจ_ุงูุฌุฒุงุฆุฑ 
#FIFArabCup #ArabCup2021 https://t.co/6Q52tC8NX4",['ูุฃุณ_ุงูุนุฑุจ'],positive
152,"ูุฑุญุจุง ูุงููู ููุณููุง ุจุงูุนุซูุงูููู ูุงุญูุงุฏ #ุงุฑุทุบุฑู ๐

#ูุฃุณ_ุงูุนุฑุจ #ูุงุณ_ุงูุนุงูู #ูุทุฑ2022 https://t.co/7Fr82fOTuI",['ูุฃุณ_ุงูุนุฑุจ'],positive
153,"ูู ุชุชููุนูู ุฃู ูุญูู ุจุทููุฉ #ูุฃุณ_ุงูุนุฑุจุ
#ูุตุฑ #ุงูุฌุฒุงุฆุฑ #ุชููุณ #ูุตุฑ",['ูุฃุณ_ุงูุนุฑุจ'],neutral
154,"ุจุนุฏ ููุฒ ูุฑูู #ุงูุฌุฒุงุฆุฑ ุนูู ูุฑูู #ุงููุบุฑุจ ูู #ูุฃุณ_ุงูุนุฑุจ ุฑูุน ุงูุฌุฒุงุฆุฑููู ุนูู #ููุณุทูู ุนุงููุง ููุฐุง ูุงูุชููุน ูู ุงูุดุนุจ ุงูุฌุฒุงุฆุฑู ุจูุฏ ููููู ุดููุฏ 
#ุนุงุดุช_ุงูุฌุฒุงุฆุฑ_ุงูุฃุจูุฉ
#ุนุงุดุช_ููุณุทูู_ุงูุญุฑุฉ
#ุนุงุดุช_ุงูุดุนูุจ_ุงูุนุฑุจูุฉ_ุงูููุงููุฉ https://t.co/D8zw6jp5wb",['ูุฃุณ_ุงูุนุฑุจ'],positive
155,"ููุงุฌูุงุช ูุตู ููุงุฆู ูุฃุณ ุงูุนุฑุจ FIFA ูุทุฑ ูขููขูกโข

#ูุฃุณ_ุงูุนุฑุจ #ูููุฏูุงู_ุงูุนุฑุจ #ุงููุบุฑุจ_ุงูุฌุฒุงุฆุฑ 
#FIFArabCup #ArabCup2021 https://t.co/aYjbn0pO5e",['ูุฃุณ_ุงูุนุฑุจ'],neutral
156,"๐๐คฉ ุตุงุฑูุฎูุฉ ุจูุงููู ูู ุฒุงููุฉ ูุฎุชููุฉ 

ุตูู ุงููุฏู ุจูููุฉ โ๐ผ

#ูุฃุณ_ุงูุนุฑุจ | #ูููุฏูุงู_ุงูุนุฑุจ | #ุงููุบุฑุจ_ุงูุฌุฒุงุฆุฑ 
#FIFArabCup | #ArabCup2021 https://t.co/ngkw7tpP9b",['ูุฃุณ_ุงูุนุฑุจ'],neutral
157,"#ุงูุดุจูุจุฉ
ุณุนุงุฏุฉ ุณุนุฏ ุงูุฑููุญู ุฑุฆูุณ ูุฌูุณ ุฅุฏุงุฑุฉ ุงููุฑูุฒ ุงููุทุฑู ููุตุญุงูุฉ ูุจุฑูุงูุฌ #ูู_ุงูุฏูุญุฉ

๐ธุงููุนุฑูุฉ ุงููุจุฑู ูุงูุช ูุฏุฑุฉ #ูุทุฑ ูู ุชุบููุฑ ุชูููุช #ูุฃุณ_ุงูุนุงูู_2022 ูู ุงูุตูู ุฅูู ุงูุดุชุงุก

๐ธุชููุนุช ุงุนุชุฑุงุถ ุงูุงุชุญุงุฏ ุงูุฅูุฌููุฒู ุจุณุจุจ ุชูุงููุฏูู ูู ุฑุฃุณ ุงูุณูุฉ ุงููููุงุฏูุฉ

@saad_alrumaihi
#ูุฃุณ_ุงูุนุฑุจ https://t.co/eYM4MrmfSj",['ูุฃุณ_ุงูุนุฑุจ'],neutral
158,"ุจุฑุฃููู ููุงุฐุง ูุฌุญุช ุงููุณุฎุฉ ุงูุญุงููุฉ ูู ุจุทููุฉ #ูุฃุณ_ุงูุนุฑุจ ููุงูุช ูุฐู ุงูุงุตุฏุงุก ุงูุฌูุงููุฑูุฉ ูุงูุฅุนูุงููุฉ ุงููุจูุฑุฉ ุ ููุงูุช ูู ุงูุฃุจุฑุฒ ูุงูุฃุฌูู ูู ูู ุงููุณุฎ ุงูุณุงุจูุฉ ุ 
#ูููุฏูุงู_ุงูุนุฑุจ",['ูุฃุณ_ุงูุนุฑุจ'],positive
159,"ุฅุญุตุงุฆูุงุช ุนู ููุชุฎุจ ูุตุฑ ูููุชุฎุจ ูุทุฑ ูู ูุฃุณ ุงูุนุฑุจ. 

#ูุฃุณ_ุงูุนุฑุจ ๐๐ช https://t.co/alrigvgyvB",['ูุฃุณ_ุงูุนุฑุจ'],neutral
160,ูุจุงุฑุงุฉ #ุงูุฌุฒุงุฆุฑ_ุงููุบุฑุจ ุถูู ููุงูุณุงุช #ูุฃุณ_ุงูุนุฑุจ ุญุทูุช ุงูุฑูู ุงูููุงุณู ูุนุฏุฏ ุงููุดุงูุฏุงุช ูู ุงูุจุซ ุงููุจุงุดุฑ ุจุฃูุซุฑ ูู ููููู ููุตู ูุชุงุจุน .. ููู ุนุฏุฏ ูู ูุตู ุฅููู ุฃู ุจุซ ูุจุงุดุฑ ุนูู ููุตุฉ ุงูููุชููุจ ููุฐ ุงูุทูุงููุง ูู ุงูุนุงู 2005,['ูุฃุณ_ุงูุนุฑุจ'],neutral
161,"ูุฑุญุจุง ูุงููู ููุณููุง ุจุงูุนุซูุงูููู ูุงุญูุงุฏ #ุงุฑุทุบุฑู ๐

#ูุฃุณ_ุงูุนุฑุจ #ูุงุณ_ุงูุนุงูู #ูุทุฑ2022 https://t.co/7Fr82fOTuI",['ูุฃุณ_ุงูุนุฑุจ'],positive
162,ุจุนูู #ููุณุทูู.. ูุงุนุจู #ุงูุฌุฒุงุฆุฑ ูุญุชูููู ุจุงูุชุฃูู ููุตู ููุงุฆู #ูุฃุณ_ุงูุนุฑุจ https://t.co/D6LlBxA1Kb,['ูุฃุณ_ุงูุนุฑุจ'],positive
163,"#ุงูุฌุฒุงุฆุฑ_ุงููุบุฑุจ #ูุฃุณ_ุงูุนุฑุจ
ุฌูุงุฒุฉ ูุงูููุบุฑููุจ ุฌูุงุฒุฉ๐คฃ๐คฃ๐คฃ๐คฃ๐คฃ๐คฃ๐คฃ๐คฃ๐คฃ๐คฃ๐คฃ๐คฃ๐คฃ๐คฃ๐คฃ๐คฃ๐คฃ https://t.co/0agvBQaxfQ",['ูุฃุณ_ุงูุนุฑุจ'],negative
164,"ุงููุซุจุชู iPhone13

ุฑุชููุช ูููุซุจุชู 
#ูุฃุณ_ุงูุนุฑุจ 
#ุงุนูุงูู_ุนูุฏ_ุงุจููุงุตุฑ https://t.co/YhQSrVpJul",['ูุฃุณ_ุงูุนุฑุจ'],neutral
165,"ุงููุฆ ุงูุดุนุจ ุงูุฌุฒุงุฆุฑู ุงูุดููู ูุชุฃูู ุงูููุชุฎุจ ุงูุฌุฒุงุฆุฑู ููุตู ุงูููุงุฆู ูุจุทููุฉ #ูุฃุณ_ุงูุนุฑุจ 2021ู.
ุนุฒููุฉ ูุฅุฑุงุฏุฉ ูููุฉ ุ ุจุงูุชูููู ููุฎุถุฑ ูุงูู ูุจุฑูู ๐ธ๐ฆ๐ฉ๐ฟ https://t.co/oy6aH928of",['ูุฃุณ_ุงูุนุฑุจ'],positive
166,"๐๐ฅ ุชุณุฏูุฏุฉ ุตุงุฑูุฎูุฉ ุฎุฑุงููุฉ ูู ููุณู ุงูุจูุงููู ุชุณูู ุดุจุงู ุงูููุชุฎุจ ุงููุบุฑุจู

#ูุฃุณ_ุงูุนุฑุจ #ูููุฏูุงู_ุงูุนุฑุจ #ุงููุบุฑุจ_ุงูุฌุฒุงุฆุฑ 
#FIFArabCup #ArabCup2021 https://t.co/6Q52tC8NX4",['ูุฃุณ_ุงูุนุฑุจ'],positive
167,ุจุงููุณุจุฉ ูู #ูุทุฑ ูู ุฃูุจุฑ ุงููุงุฆุฒูู ูู #ูุฃุณ_ุงูุนุฑุจ ุจูุง ููุงุฒุน ุญุชู ููู ูู ุชุญุฑุฒ ุงููุฃุณ ููุฏ ูุงุฒุช ููุฌุญุช ูู ุชูุธูู ุงููุจูุฑ ูุงูุฑุงุฆุน ููุฐู ุงููุนุงููุฉ ุงูุง ุงุฐุง ูุงุฒุช ุจุงููุฃุณ ูุงูุชูุธูู ูุนุงู ููุฐุง ุฎูุฑ ูุจุฑูุฉ .,['ูุฃุณ_ุงูุนุฑุจ'],positive
168,"ูู ูู ุงูููุชุฎุจ ุงูุฃุจุฑุฒ ูู ูุจุงุฑูุงุช ุฑุจุน ููุงุฆู #ูุฃุณ_ุงูุนุฑุจ 

ูุดุฑููุง ูุนุฑูุฉ ุงุฑุงุฆูู ุนุจุฑ ุญุณุงุจ #ูุจุถ_ุงูุฎููุฌ ููุชุงุจุนุฉ ุงูุญุณุงุจ

ูุงุฐุง ููุงู ููุชุฎุจ ุขุฎุฑ ุบูุฑ ุงูุฃุฑุจุนุฉ ุดุงุฑูููุง ุจุงุฑุงุฆูู ๐ 

#ุงูุฌุฒุงุฆุฑ
#ูุทุฑ
#ูุตุฑ 
#ุชููุณ
#ูุณุงุก_ุงูุฎูุฑ 
#ูููุฏูุงู_ุงูุนุฑุจ
#ูุฃุณ_ุงูุนุฑุจ_2021
 #ูุงุณ_ุงูุนุฑุจ_FIFA
#FIFAArabCup
@matches_2day",['ูุฃุณ_ุงูุนุฑุจ'],neutral
169,"๐๐ฅ ุชุณุฏูุฏุฉ ุตุงุฑูุฎูุฉ ุฎุฑุงููุฉ ูู ููุณู ุงูุจูุงููู ุชุณูู ุดุจุงู ุงูููุชุฎุจ ุงููุบุฑุจู

#ูุฃุณ_ุงูุนุฑุจ #ูููุฏูุงู_ุงูุนุฑุจ #ุงููุบุฑุจ_ุงูุฌุฒุงุฆุฑ 
#FIFArabCup #ArabCup2021 https://t.co/6Q52tC8NX4",['ูุฃุณ_ุงูุนุฑุจ'],positive
170,"ุตุญูุญ ุฃูุง ูุงูู ูู #ุงูููุฑุฉ ุจุณ ุงูููุชุฎุจ ุงูุฌุฒุงุฆุฑู ููู ุฌุฏุงู 

ูู ุชุนูู ุฃู ููุชุฎุจ ุงูุฌุฒุงุฆุฑ ููุชุฑุจ ูู ุฑูู ุฅูุทุงููุง ุงูููุงุณู ูุฃุทูู ุณูุณูุฉ ูู ุนุฏู ุงูุฎุณุงุฑุฉ

#ูุฃุณ_ุงูุนุฑุจ 

ุงูููุฒ ุนูู ุงูุฌุฒุงุฆุฑ ูุนูู ุงูููุฒ ุจูุฃุณ ุงูุนุฑุจ 
ูุชููู ูููุชุฎุจูุง ุงููุทูู ูู ุงูุชูููู ๐ธ",['ูุฃุณ_ุงูุนุฑุจ'],positive
171,"ุญุตูู ูุงุฆุฏ ููุชุฎุจูุง ุนูุฑู ุงูุณูููุฉ ุนูู ุฌุงุฆุฒุฉ ุฑุฌู ุงููุจุงุฑุงุฉ ๐ ๐ช๐ฌ

#ูุฃุณ_ุงูุนุฑุจ https://t.co/dHdycTZQwf",['ูุฃุณ_ุงูุนุฑุจ'],neutral
172,"โญ ุชุงุฑูุฎ ููุงุฌูุงุช #ูุตุฑ ู #ุชููุณ ูุจู ูููุนุฉ ูุตู ููุงุฆู #ูุฃุณ_ุงูุนุฑุจ

https://t.co/9UbV4hlXMZ https://t.co/0UOzUw1nm1",['ูุฃุณ_ุงูุนุฑุจ'],neutral
173,ุจุงููุณุจุฉ ูู #ูุทุฑ ูู ุฃูุจุฑ ุงููุงุฆุฒูู ูู #ูุฃุณ_ุงูุนุฑุจ ุจูุง ููุงุฒุน ุญุชู ููู ูู ุชุญุฑุฒ ุงููุฃุณ ููุฏ ูุงุฒุช ููุฌุญุช ูู ุชูุธูู ุงููุจูุฑ ูุงูุฑุงุฆุน ููุฐู ุงููุนุงููุฉ ุงูุง ุงุฐุง ูุงุฒุช ุจุงููุฃุณ ูุงูุชูุธูู ูุนุงู ููุฐุง ุฎูุฑ ูุจุฑูุฉ .,['ูุฃุณ_ุงูุนุฑุจ'],positive
174,"๐๐ฅ ุชุณุฏูุฏุฉ ุตุงุฑูุฎูุฉ ุฎุฑุงููุฉ ูู ููุณู ุงูุจูุงููู ุชุณูู ุดุจุงู ุงูููุชุฎุจ ุงููุบุฑุจู

#ูุฃุณ_ุงูุนุฑุจ #ูููุฏูุงู_ุงูุนุฑุจ #ุงููุบุฑุจ_ุงูุฌุฒุงุฆุฑ 
#FIFArabCup #ArabCup2021 https://t.co/6Q52tC8NX4",['ูุฃุณ_ุงูุนุฑุจ'],positive
175,"7๏ธโฃ ุฃูุฏุงู ููุฌูู ุฏูุฑููุง ูู ุงูุฏูุฑ ุฑุจุน ุงูููุงุฆู ูู #ูุฃุณ_ุงูุนุฑุจ ๐

๐ถ๐ฆ ุงููุนุฒ ุนูู  - ูุฏููู โฝ๏ธโฝ๏ธ
๐ถ๐ฆ ุนุจุฏุงูุนุฒูุฒ ุญุงุชู  - ูุฏู โฝ๏ธ
๐ถ๐ฆ ุจูุนูุงู ุฎูุฎู  - ูุฏู โฝ๏ธ
๐น๐ณ ููุณู ุงููุณุงููู - ูุฏู โฝ๏ธ
๐ฉ๐ฟ ูุงุณูู ุจุฑุงูููู  - ูุฏู โฝ๏ธ
๐ฉ๐ฟ ููุณู ุงูุจูุงููู  - ูุฏู โฝ๏ธ https://t.co/mpGm27IXx3",['ูุฃุณ_ุงูุนุฑุจ'],neutral
176,ูุฑูู ุงูุฌุฒุงุฆุฑ ุงููุทูู ุงููุงุฆุฒ ุจุจุทููุฉ #ูุฃุณ_ุงูุนุฑุจ ูุฑูุน ุนูู #ููุณุทูู ุจุฌุงูุจ ุนูู ุจูุงุฏูุ ุญุฑูุฉ ุฑูุฒูุฉ ูุฏ ูุนุชุจุฑูุง ุงูุจุนุถ ุนุงุฏูุฉ ูููููุง ุซูููุฉ ุนูู ุงูููุงู ุงูุตูููููุ ูุงูุซุฑ ุดุฆ ููููู ูู ุชูุณู ุงูุดุนูุจ ุงูุญูุฉ ุจูุถูุฉ ููุณุทููุ ูุฐุง ุงูุชุนุงุทู ูุฌุนู ุดุนูุฉ ุงูุฃูู ูุง ุชูุทููุ ุชุญูุฉ ููุฑูู ุงูุฌุฒุงุฆุฑ ููุดุนุจู https://t.co/RfKZrnkZ10,['ูุฃุณ_ุงูุนุฑุจ'],positive
177,"#ูุฃุณ_ุงูุนุฑุจ 
ุณุงุนุงุช ู ูุชุนุฑู ุนูู ุงูููุชุฎุจ ุงูุฐู ุณููุงุฌููุง ูู ุงููุตู๐",['ูุฃุณ_ุงูุนุฑุจ'],neutral
178,ุจุงููุณุจุฉ ูู #ูุทุฑ ูู ุฃูุจุฑ ุงููุงุฆุฒูู ูู #ูุฃุณ_ุงูุนุฑุจ ุจูุง ููุงุฒุน ุญุชู ููู ูู ุชุญุฑุฒ ุงููุฃุณ ููุฏ ูุงุฒุช ููุฌุญุช ูู ุชูุธูู ุงููุจูุฑ ูุงูุฑุงุฆุน ููุฐู ุงููุนุงููุฉ ุงูุง ุงุฐุง ูุงุฒุช ุจุงููุฃุณ ูุงูุชูุธูู ูุนุงู ููุฐุง ุฎูุฑ ูุจุฑูุฉ .,['ูุฃุณ_ุงูุนุฑุจ'],positive
179,ูุฑูู ุงูุฌุฒุงุฆุฑ ุงููุทูู ุงููุงุฆุฒ ุจุจุทููุฉ #ูุฃุณ_ุงูุนุฑุจ ูุฑูุน ุนูู #ููุณุทูู ุจุฌุงูุจ ุนูู ุจูุงุฏูุ ุญุฑูุฉ ุฑูุฒูุฉ ูุฏ ูุนุชุจุฑูุง ุงูุจุนุถ ุนุงุฏูุฉ ูููููุง ุซูููุฉ ุนูู ุงูููุงู ุงูุตูููููุ ูุงูุซุฑ ุดุฆ ููููู ูู ุชูุณู ุงูุดุนูุจ ุงูุญูุฉ ุจูุถูุฉ ููุณุทููุ ูุฐุง ุงูุชุนุงุทู ูุฌุนู ุดุนูุฉ ุงูุฃูู ูุง ุชูุทููุ ุชุญูุฉ ููุฑูู ุงูุฌุฒุงุฆุฑ ููุดุนุจู https://t.co/RfKZrnkZ10,['ูุฃุณ_ุงูุนุฑุจ'],positive
180,"ูุฐุง ุงูุฌุฒุงุฆุฑู ุงุณุชุญู ูุจูุฉ ุนูู ุฑุฃุณู .
ูุงู : ูุญู ู #ุงููุบุฑุจ ุฃุดูุงุก ููู ููุฑููุง ุงูุณูุงุณููู .
#ุงูุฌุฒุงุฆุฑ #ุงููุบุฑุจ #ูุฃุณ_ุงูุนุฑุจ #ูุทุฑ https://t.co/PXP7OjEvlE",['ูุฃุณ_ุงูุนุฑุจ'],positive
181,"๐๐ฅ ุชุณุฏูุฏุฉ ุตุงุฑูุฎูุฉ ุฎุฑุงููุฉ ูู ููุณู ุงูุจูุงููู ุชุณูู ุดุจุงู ุงูููุชุฎุจ ุงููุบุฑุจู

#ูุฃุณ_ุงูุนุฑุจ #ูููุฏูุงู_ุงูุนุฑุจ #ุงููุบุฑุจ_ุงูุฌุฒุงุฆุฑ 
#FIFArabCup #ArabCup2021 https://t.co/6Q52tC8NX4",['ูุฃุณ_ุงูุนุฑุจ'],positive
182,ุจุงููุณุจุฉ ูู #ูุทุฑ ูู ุฃูุจุฑ ุงููุงุฆุฒูู ูู #ูุฃุณ_ุงูุนุฑุจ ุจูุง ููุงุฒุน ุญุชู ููู ูู ุชุญุฑุฒ ุงููุฃุณ ููุฏ ูุงุฒุช ููุฌุญุช ูู ุชูุธูู ุงููุจูุฑ ูุงูุฑุงุฆุน ููุฐู ุงููุนุงููุฉ ุงูุง ุงุฐุง ูุงุฒุช ุจุงููุฃุณ ูุงูุชูุธูู ูุนุงู ููุฐุง ุฎูุฑ ูุจุฑูุฉ .,['ูุฃุณ_ุงูุนุฑุจ'],positive
183,ุนูู ููุณุทูู ุญุงุถุฑ ูู ุงุญุชูุงูุงุช ุงูุฎุถุฑ ุจุงูุชุฃูู ุฅูู ูุตู ููุงุฆู #ูุฃุณ_ุงูุนุฑุจ https://t.co/MFREA5nGUT,['ูุฃุณ_ุงูุนุฑุจ'],positive
184,ูุฑูู ุงูุฌุฒุงุฆุฑ ุงููุทูู ุงููุงุฆุฒ ุจุจุทููุฉ #ูุฃุณ_ุงูุนุฑุจ ูุฑูุน ุนูู #ููุณุทูู ุจุฌุงูุจ ุนูู ุจูุงุฏูุ ุญุฑูุฉ ุฑูุฒูุฉ ูุฏ ูุนุชุจุฑูุง ุงูุจุนุถ ุนุงุฏูุฉ ูููููุง ุซูููุฉ ุนูู ุงูููุงู ุงูุตูููููุ ูุงูุซุฑ ุดุฆ ููููู ูู ุชูุณู ุงูุดุนูุจ ุงูุญูุฉ ุจูุถูุฉ ููุณุทููุ ูุฐุง ุงูุชุนุงุทู ูุฌุนู ุดุนูุฉ ุงูุฃูู ูุง ุชูุทููุ ุชุญูุฉ ููุฑูู ุงูุฌุฒุงุฆุฑ ููุดุนุจู https://t.co/RfKZrnkZ10,['ูุฃุณ_ุงูุนุฑุจ'],positive
185,ูุฑูู ุงูุฌุฒุงุฆุฑ ุงููุทูู ุงููุงุฆุฒ ุจุจุทููุฉ #ูุฃุณ_ุงูุนุฑุจ ูุฑูุน ุนูู #ููุณุทูู ุจุฌุงูุจ ุนูู ุจูุงุฏูุ ุญุฑูุฉ ุฑูุฒูุฉ ูุฏ ูุนุชุจุฑูุง ุงูุจุนุถ ุนุงุฏูุฉ ูููููุง ุซูููุฉ ุนูู ุงูููุงู ุงูุตูููููุ ูุงูุซุฑ ุดุฆ ููููู ูู ุชูุณู ุงูุดุนูุจ ุงูุญูุฉ ุจูุถูุฉ ููุณุทููุ ูุฐุง ุงูุชุนุงุทู ูุฌุนู ุดุนูุฉ ุงูุฃูู ูุง ุชูุทููุ ุชุญูุฉ ููุฑูู ุงูุฌุฒุงุฆุฑ ููุดุนุจู https://t.co/RfKZrnkZ10,['ูุฃุณ_ุงูุนุฑุจ'],positive
186,"ุงููุฆ ุงูุดุนุจ ุงูุฌุฒุงุฆุฑู ุงูุดููู ูุชุฃูู ุงูููุชุฎุจ ุงูุฌุฒุงุฆุฑู ููุตู ุงูููุงุฆู ูุจุทููุฉ #ูุฃุณ_ุงูุนุฑุจ 2021ู.
ุนุฒููุฉ ูุฅุฑุงุฏุฉ ูููุฉ ุ ุจุงูุชูููู ููุฎุถุฑ ูุงูู ูุจุฑูู ๐ธ๐ฆ๐ฉ๐ฟ https://t.co/oy6aH928of",['ูุฃุณ_ุงูุนุฑุจ'],positive
187,ูุฑูู ุงูุฌุฒุงุฆุฑ ุงููุทูู ุงููุงุฆุฒ ุจุจุทููุฉ #ูุฃุณ_ุงูุนุฑุจ ูุฑูุน ุนูู #ููุณุทูู ุจุฌุงูุจ ุนูู ุจูุงุฏูุ ุญุฑูุฉ ุฑูุฒูุฉ ูุฏ ูุนุชุจุฑูุง ุงูุจุนุถ ุนุงุฏูุฉ ูููููุง ุซูููุฉ ุนูู ุงูููุงู ุงูุตูููููุ ูุงูุซุฑ ุดุฆ ููููู ูู ุชูุณู ุงูุดุนูุจ ุงูุญูุฉ ุจูุถูุฉ ููุณุทููุ ูุฐุง ุงูุชุนุงุทู ูุฌุนู ุดุนูุฉ ุงูุฃูู ูุง ุชูุทููุ ุชุญูุฉ ููุฑูู ุงูุฌุฒุงุฆุฑ ููุดุนุจู https://t.co/RfKZrnkZ10,['ูุฃุณ_ุงูุนุฑุจ'],positive
188,ุจุทููุฉ #ูุฃุณ_ุงูุนุฑุจ ุชุญุธู ุจุชุดุฌูุน ูุณุงุฆู ูุจูุฑ ๐๏ธ ุฌูููุงุช ุงูุนุฑุจ ูุคุงุฒุฑู ููุชุฎุจุงุช ุจูุงุฏูู ุจูู ุญูุงุณ .. ุงูุฌุฒุก ุงูุซุงูุซ 3๏ธโฃ https://t.co/4Vv95J8mMy,['ูุฃุณ_ุงูุนุฑุจ'],positive
189,ุจุงููุณุจุฉ ูู #ูุทุฑ ูู ุฃูุจุฑ ุงููุงุฆุฒูู ูู #ูุฃุณ_ุงูุนุฑุจ ุจูุง ููุงุฒุน ุญุชู ููู ูู ุชุญุฑุฒ ุงููุฃุณ ููุฏ ูุงุฒุช ููุฌุญุช ูู ุชูุธูู ุงููุจูุฑ ูุงูุฑุงุฆุน ููุฐู ุงููุนุงููุฉ ุงูุง ุงุฐุง ูุงุฒุช ุจุงููุฃุณ ูุงูุชูุธูู ูุนุงู ููุฐุง ุฎูุฑ ูุจุฑูุฉ .,['ูุฃุณ_ุงูุนุฑุจ'],positive
190,"ุฎููููููููุงูููู! ๐คฏ๐ฅ

ุตุงุฑูุฎูุฉ ูุง ุชุตุฏ ููุง ุชุฑุฏ ูู ููุณู ุจูุงููู ุชุณูู ุดุจุงู ุงููุบุฑุจ ๐ฅ๐

#ูุฃุณ_ุงูุนุฑุจ | #ุงููุบุฑุจ_ุงูุฌุฒุงุฆุฑ | #FIFArabCup | @LesVerts | via: @fifaworldcup_ar https://t.co/1Cb1Z5o0SK",['ูุฃุณ_ุงูุนุฑุจ'],positive
191,"ูู ุฏุงุฎู ุณุชุงุฏ ุงูุฌููุจ ูู ูุทุฑ ๐๏ธ

ุงุญุชูุงูุงุช ุงูุฌูุงููุฑ ุงููุตุฑูุฉ ุจุนุฏ ุงูููุฒ ุนูู ุงูุฃุฑุฏู ูู ุฑุจุน ููุงุฆู #ูุฃุณ_ุงูุนุฑุจ ๐ฅ

#ูุชููุชุด_ูุนุจุฉ https://t.co/IysbLJVK4e",['ูุฃุณ_ุงูุนุฑุจ'],neutral
192,ุจุนูู #ููุณุทูู.. ูุงุนุจู #ุงูุฌุฒุงุฆุฑ ูุญุชูููู ุจุงูุชุฃูู ููุตู ููุงุฆู #ูุฃุณ_ุงูุนุฑุจ https://t.co/D6LlBxA1Kb,['ูุฃุณ_ุงูุนุฑุจ'],positive
193,"๐ฉ๐ฟ ูุนููููุฏูุง ุงูููุนูุฒู ุฃู ุชูุญูููุง ุงููุฌููุฒุงุฆูุฑ ๐ฉ๐ฟ

ูููููุงุดููููููููุฏูุง..ูููููุงุดููููููููุฏูุง..ูููููุงุดููููููููุฏูุง

#ูุฃุณ_ุงูุนุฑุจ | #ุงูุฌุฒุงุฆุฑ | #ุงูุฌุฒุงุฆุฑ_ุงููุบุฑุจ | #FIFArabCup | @LesVerts https://t.co/Xlmtc9wXZH",['ูุฃุณ_ุงูุนุฑุจ'],neutral
194,"ูู ุฏุงุฎู ุณุชุงุฏ ุงูุฌููุจ ูู ูุทุฑ ๐๏ธ

ุงุญุชูุงูุงุช ุงูุฌูุงููุฑ ุงููุตุฑูุฉ ุจุนุฏ ุงูููุฒ ุนูู ุงูุฃุฑุฏู ูู ุฑุจุน ููุงุฆู #ูุฃุณ_ุงูุนุฑุจ ๐ฅ

#ูุชููุชุด_ูุนุจุฉ https://t.co/IysbLJVK4e",['ูุฃุณ_ุงูุนุฑุจ'],neutral
195,"๐๐คฉ ุตุงุฑูุฎูุฉ ุจูุงููู ูู ุฒุงููุฉ ูุฎุชููุฉ 

ุตูู ุงููุฏู ุจูููุฉ โ๐ผ

#ูุฃุณ_ุงูุนุฑุจ | #ูููุฏูุงู_ุงูุนุฑุจ | #ุงููุบุฑุจ_ุงูุฌุฒุงุฆุฑ 
#FIFArabCup | #ArabCup2021 https://t.co/ngkw7tpP9b",['ูุฃุณ_ุงูุนุฑุจ'],neutral
196,"ูู ูุงูุดูุฑ ุงููุงุณ ูุงูุดูุฑ ุงููู..
ุดูุฑุงู ูุงุทูุฉ ูุฎุงูุฏ ูุงูุชูู ุงูุฎุงุต ุจูู ุนูู ุฏุนููุง ุฎูุงู ุจุทููุฉ #ูุฃุณ_ุงูุนุฑุจ ููู ููุณู ุฐูู โฅ๏ธ ุ ููุงุนุฒุงุก ููู ููุง ููู ูุนูู ููุฏุนููู ูุจุงูููุงูุฉ ููุฐุจูู ุนูููุง .. ุนูุจ๐คท๐ปโโ๏ธ https://t.co/Gw2OGnE9j0",['ูุฃุณ_ุงูุนุฑุจ'],negative
197,"๐๐ฅ ุชุณุฏูุฏุฉ ุตุงุฑูุฎูุฉ ุฎุฑุงููุฉ ูู ููุณู ุงูุจูุงููู ุชุณูู ุดุจุงู ุงูููุชุฎุจ ุงููุบุฑุจู

#ูุฃุณ_ุงูุนุฑุจ #ูููุฏูุงู_ุงูุนุฑุจ #ุงููุบุฑุจ_ุงูุฌุฒุงุฆุฑ 
#FIFArabCup #ArabCup2021 https://t.co/6Q52tC8NX4",['ูุฃุณ_ุงูุนุฑุจ'],positive
198,ูุฌุจ ุงู ุชูุงู ูู ุณูุชูู ุงู ูฃ ูุงูุชุฑุญ ุงู ุชูุธู ุจุงูุตูู ูุจูุดุงุฑูุฉ ุงููุฑู ุงูุงููู ูุงู ุชููู ูุฑุฉ ุจุงุณูุง ู ูุฑุฉ ุจุงูุฑูููุง ูุงุณ ุงูุนุฑุจ ุชูุงูุณ ูุจูุฑ ูุงุนุชูุฏ ูู ุดุงุฑู ุงูููุชุฎุจ ุงูุณุนูุฏู ุจุงูููุชุฎุจ ุงูุงูู ููุง ุจูุดูู ุงุฏุงุก ุงูุถู ูููุชุฎุจุงุช ุงุณูุง ูุงูุชุฑุญ ุงูุจุทููุงุช ุงููุงุฏูุฉ ุจูุดุงุฑูุฉ ูู ุงูุนุฑุจ  #ูุฃุณ_ุงูุนุฑุจ,['ูุฃุณ_ุงูุนุฑุจ'],positive
199,"ุงููุทุฑูุฉ ุชุญุชูู ุจุงููุฏู ุงูุฌุฒุงุฆุฑู ""ุงูุนุงุจุฑ ูููุงุฑุงุช"".. ููู ูุตุจุญ ""ุฏุนู ูุทูุฑ"" ุดุนุงุฑุง ููุงุ.. #ููุฏูู

#ุงูุดุฑู_ุงูุฃูุณุท #ุฃูุฑูููุง #ุงูุฌุฒุงุฆุฑ #ุงููุบุฑุจ #ูุทุฑ #ูููุง #ูุฃุณ_ุงูุนุฑุจ #FIFArabCup #ุงูุฑูุงุถุฉ #ุฑูุงุถุฉ  #ุงูุฃุฎุจุงุฑ | #ูุถุงุกุงูุขุฑุงุก  #WorldOpinions #ููุงุฏูู_ุงูุญุฑูุฉ #Freedom1  #ูุฏูููุงุช https://t.co/5d9Dmeq4tm https://t.co/BNLJVIgMdm",['ูุฃุณ_ุงูุนุฑุจ'],neutral
200,ุจุงููุณุจุฉ ูู #ูุทุฑ ูู ุฃูุจุฑ ุงููุงุฆุฒูู ูู #ูุฃุณ_ุงูุนุฑุจ ุจูุง ููุงุฒุน ุญุชู ููู ูู ุชุญุฑุฒ ุงููุฃุณ ููุฏ ูุงุฒุช ููุฌุญุช ูู ุชูุธูู ุงููุจูุฑ ูุงูุฑุงุฆุน ููุฐู ุงููุนุงููุฉ ุงูุง ุงุฐุง ูุงุฒุช ุจุงููุฃุณ ูุงูุชูุธูู ูุนุงู ููุฐุง ุฎูุฑ ูุจุฑูุฉ .,['ูุฃุณ_ุงูุนุฑุจ'],positive
201,"ูู ูุงูุดูุฑ ุงููุงุณ ูุงูุดูุฑ ุงููู..
ุดูุฑุงู ูุงุทูุฉ ูุฎุงูุฏ ูุงูุชูู ุงูุฎุงุต ุจูู ุนูู ุฏุนููุง ุฎูุงู ุจุทููุฉ #ูุฃุณ_ุงูุนุฑุจ ููู ููุณู ุฐูู โฅ๏ธ ุ ููุงุนุฒุงุก ููู ููุง ููู ูุนูู ููุฏุนููู ูุจุงูููุงูุฉ ููุฐุจูู ุนูููุง .. ุนูุจ๐คท๐ปโโ๏ธ https://t.co/Gw2OGnE9j0",['ูุฃุณ_ุงูุนุฑุจ'],negative
202,"#ููุฑุฌุงู_ุงููุญุงูู_ุงูุชูููุฏูุฉ  ุจุงูุชุฒุงูู ูุน #ูููุฏูุงู_ุงูุนุฑุจ  #ูุฃุณ_ุงูุนุฑุจ ูู #ุงูุฏูุญุฉ
.
.
""ูุฌุณุฏ ุงูุญูุงุฉ ุงูุฎููุฌูุฉ ุงููุฏููุฉ .. ูุณุจู ูุณุจ ุงูุนูุด ูุฃููุงุท ุงูุญูุงุฉ ูู ุงููุงุถู ""

ุบุฑูุจ ุงูุจููุดู ูุชุญุฏุซ ุนู ุงููุดุงุฑูุฉ ุงูุนูุงููุฉ ูู ุงูููุฑุฌุงู ุนุจุฑ ุจุฑูุงูุฌ
#ุงููุตุงู_ูู_ูููุฏูุงู_ุงูุนุฑุจ ูุน @mo7_3lawi ูู #ูุทุฑ https://t.co/ZOHq8x7iHP",['ูุฃุณ_ุงูุนุฑุจ'],neutral
203,"ูุงู ุฑุณูู ุงููู ๏ทบ:

ุฎูุฑู ุงูุฃุตูุญุงุจู ุนูุฏ ุงููู ุฎูุฑูููู ููุตุงุญูุจููุ ูุฎูุฑู ุงูุฌููุฑุงูู ุนูุฏ ุงููู ุฎูุฑูููู ููุฌุงุฑู.
๐ุตุญูุญ ุงูุชุฑุบูุจ (3015)
#ุงูุฌุฒุงุฆุฑ 
#ูุฃุณ_ุงูุนุฑุจ 
#ุงูุนุฑุจ",['ูุฃุณ_ุงูุนุฑุจ'],neutral
204,"#ุงูุฌุฒุงุฆุฑ_ุงููุบุฑุจ #ูุฃุณ_ุงูุนุฑุจ
ุฌูุงุฒุฉ ูุงูููุบุฑููุจ ุฌูุงุฒุฉ๐คฃ๐คฃ๐คฃ๐คฃ๐คฃ๐คฃ๐คฃ๐คฃ๐คฃ๐คฃ๐คฃ๐คฃ๐คฃ๐คฃ๐คฃ๐คฃ๐คฃ https://t.co/0agvBQaxfQ",['ูุฃุณ_ุงูุนุฑุจ'],negative
205,"ูุฐุง ุงูุฌุฒุงุฆุฑู ุงุณุชุญู ูุจูุฉ ุนูู ุฑุฃุณู .
ูุงู : ูุญู ู #ุงููุบุฑุจ ุฃุดูุงุก ููู ููุฑููุง ุงูุณูุงุณููู .
#ุงูุฌุฒุงุฆุฑ #ุงููุบุฑุจ #ูุฃุณ_ุงูุนุฑุจ #ูุทุฑ https://t.co/PXP7OjEvlE",['ูุฃุณ_ุงูุนุฑุจ'],positive
206,"ุงููุฆ ุงูุดุนุจ ุงูุฌุฒุงุฆุฑู ุงูุดููู ูุชุฃูู ุงูููุชุฎุจ ุงูุฌุฒุงุฆุฑู ููุตู ุงูููุงุฆู ูุจุทููุฉ #ูุฃุณ_ุงูุนุฑุจ 2021ู.
ุนุฒููุฉ ูุฅุฑุงุฏุฉ ูููุฉ ุ ุจุงูุชูููู ููุฎุถุฑ ูุงูู ูุจุฑูู ๐ธ๐ฆ๐ฉ๐ฟ https://t.co/oy6aH928of",['ูุฃุณ_ุงูุนุฑุจ'],positive
207,"ยซุฎูุณููุฉ ุดุงูยป ูู ุงุณุชุฑุงุญุฉ ูุงุนุจู #ููุชุฎุจ_ูุตุฑ ุจู #ูุฃุณ_ุงูุนุฑุจ.. ููุฏูู
https://t.co/4pXLkXYtDb https://t.co/H7ILEdrXOK",['ูุฃุณ_ุงูุนุฑุจ'],neutral
208,"ููุชุฎุจ ุงูุฌุฒุงุฆุฑ ูุชูุฌ ุจุจุทููุฉ #ูุฃุณ_ุงูุนุฑุจ ููุฑูุน ูุงุนุจูู ุนูู #ููุณุทูู ูุนูู ุงูุฌุฒุงุฆุฑ ูุจู ุณููุงู ูุนูุงู ุฒุงูุฏ ูุจูุทูุง ุงูุจุญุฑ ูู ูุงุณูุงุฏูู ูู ููุงู ุงูุงุญุชูุงู
ุชุญูุฉ ูุดุนุจ ุงูุฌุฒุงุฆุฑ ุงูุนุธูู https://t.co/eCtCOSw4DJ",['ูุฃุณ_ุงูุนุฑุจ'],positive
209,ุจุงููุณุจุฉ ูู #ูุทุฑ ูู ุฃูุจุฑ ุงููุงุฆุฒูู ูู #ูุฃุณ_ุงูุนุฑุจ ุจูุง ููุงุฒุน ุญุชู ููู ูู ุชุญุฑุฒ ุงููุฃุณ ููุฏ ูุงุฒุช ููุฌุญุช ูู ุชูุธูู ุงููุจูุฑ ูุงูุฑุงุฆุน ููุฐู ุงููุนุงููุฉ ุงูุง ุงุฐุง ูุงุฒุช ุจุงููุฃุณ ูุงูุชูุธูู ูุนุงู ููุฐุง ุฎูุฑ ูุจุฑูุฉ .,['ูุฃุณ_ุงูุนุฑุจ'],positive
210,"ููุชุฎุจ ุงูุฌุฒุงุฆุฑ ูุชูุฌ ุจุจุทููุฉ #ูุฃุณ_ุงูุนุฑุจ ููุฑูุน ูุงุนุจูู ุนูู #ููุณุทูู ูุนูู ุงูุฌุฒุงุฆุฑ ูุจู ุณููุงู ูุนูุงู ุฒุงูุฏ ูุจูุทูุง ุงูุจุญุฑ ูู ูุงุณูุงุฏูู ูู ููุงู ุงูุงุญุชูุงู
ุชุญูุฉ ูุดุนุจ ุงูุฌุฒุงุฆุฑ ุงูุนุธูู https://t.co/eCtCOSw4DJ",['ูุฃุณ_ุงูุนุฑุจ'],positive
211,"4 ุนูุงูู ุชุฑุฌุญ ููุฉ ุงูุนูุงุจู ูุจู ููุงุฌูุฉ ุงูุฎุถุฑ
https://t.co/awQMxW0vOO
#ูุทุฑ 
#ุงูุฌุฒุงุฆุฑ
#ูุฃุณ_ุงูุนุฑุจ 
#ูููุฏูุงู_ุงูุนุฑุจ",['ูุฃุณ_ุงูุนุฑุจ'],neutral
212,"ยซุฎูุณููุฉ ุดุงูยป ูู ุงุณุชุฑุงุญุฉ ูุงุนุจู #ููุชุฎุจ_ูุตุฑ ุจู #ูุฃุณ_ุงูุนุฑุจ.. ููุฏูู
https://t.co/4pXLkXYtDb https://t.co/H7ILEdrXOK",['ูุฃุณ_ุงูุนุฑุจ'],neutral
213,ูุฑูู ุงูุฌุฒุงุฆุฑ ุงููุทูู ุงููุงุฆุฒ ุจุจุทููุฉ #ูุฃุณ_ุงูุนุฑุจ ูุฑูุน ุนูู #ููุณุทูู ุจุฌุงูุจ ุนูู ุจูุงุฏูุ ุญุฑูุฉ ุฑูุฒูุฉ ูุฏ ูุนุชุจุฑูุง ุงูุจุนุถ ุนุงุฏูุฉ ูููููุง ุซูููุฉ ุนูู ุงูููุงู ุงูุตูููููุ ูุงูุซุฑ ุดุฆ ููููู ูู ุชูุณู ุงูุดุนูุจ ุงูุญูุฉ ุจูุถูุฉ ููุณุทููุ ูุฐุง ุงูุชุนุงุทู ูุฌุนู ุดุนูุฉ ุงูุฃูู ูุง ุชูุทููุ ุชุญูุฉ ููุฑูู ุงูุฌุฒุงุฆุฑ ููุดุนุจู https://t.co/RfKZrnkZ10,['ูุฃุณ_ุงูุนุฑุจ'],positive
214,"๐๐คฉ ุตุงุฑูุฎูุฉ ุจูุงููู ูู ุฒุงููุฉ ูุฎุชููุฉ 

ุตูู ุงููุฏู ุจูููุฉ โ๐ผ

#ูุฃุณ_ุงูุนุฑุจ | #ูููุฏูุงู_ุงูุนุฑุจ | #ุงููุบุฑุจ_ุงูุฌุฒุงุฆุฑ 
#FIFArabCup | #ArabCup2021 https://t.co/ngkw7tpP9b",['ูุฃุณ_ุงูุนุฑุจ'],neutral
215,"ูุฃุณ ุงูุนุฑุจ.. ูุญูุฏ ุงูุดูุงูู ููุดู ุทุจูุนุฉ ุฅุตุงุจุชู @NEWSTeN4 https://t.co/ChZEasgfQ6 
#ูุฃุณ_ุงูุนุฑุจ https://t.co/5FPQZ6On87",['ูุฃุณ_ุงูุนุฑุจ'],neutral
216,ุจุนูู #ููุณุทูู.. ูุงุนุจู #ุงูุฌุฒุงุฆุฑ ูุญุชูููู ุจุงูุชุฃูู ููุตู ููุงุฆู #ูุฃุณ_ุงูุนุฑุจ https://t.co/D6LlBxA1Kb,['ูุฃุณ_ุงูุนุฑุจ'],positive
217,"ูุง ุชููุญูู ููู ูุน ูุญุจุ ููุง ุชูููููุญ ููู ูุน ูุฑูุจุ ูุฅูู ุฐุงูุฑู ูุชูุซููู ุนูููุ ุฃู ูุงุณู ูุชูุซูููู ุนูู ููุณู..
ุฃูุง ุงููู ุชุนุงูู ูุฅูู ูุง ููุณุงูุ ูุฃูุฑู ุนููู ููููููุ ููู ุงููุฑูู ุงูุฌููู.

- ูุฌุฏุงู ุงูุนูู
#ูุฃุณ_ุงูุนุฑุจ 
#ูุตุฑ_ุงูุงุฑุฏู #ูุญูุฏ_ุงุจู_ุงูุฐูุจ_ููุฏุญ_ุนูุงู 
#ุงูุญุจ_ูุด_ูููุชู 
#ุงููุบุฑุจ",['ูุฃุณ_ุงูุนุฑุจ'],positive
218,"๐๐คฉ ุตุงุฑูุฎูุฉ ุจูุงููู ูู ุฒุงููุฉ ูุฎุชููุฉ 

ุตูู ุงููุฏู ุจูููุฉ โ๐ผ

#ูุฃุณ_ุงูุนุฑุจ | #ูููุฏูุงู_ุงูุนุฑุจ | #ุงููุบุฑุจ_ุงูุฌุฒุงุฆุฑ 
#FIFArabCup | #ArabCup2021 https://t.co/ngkw7tpP9b",['ูุฃุณ_ุงูุนุฑุจ'],neutral
219,ูุฑูู ุงูุฌุฒุงุฆุฑ ุงููุทูู ุงููุงุฆุฒ ุจุจุทููุฉ #ูุฃุณ_ุงูุนุฑุจ ูุฑูุน ุนูู #ููุณุทูู ุจุฌุงูุจ ุนูู ุจูุงุฏูุ ุญุฑูุฉ ุฑูุฒูุฉ ูุฏ ูุนุชุจุฑูุง ุงูุจุนุถ ุนุงุฏูุฉ ูููููุง ุซูููุฉ ุนูู ุงูููุงู ุงูุตูููููุ ูุงูุซุฑ ุดุฆ ููููู ูู ุชูุณู ุงูุดุนูุจ ุงูุญูุฉ ุจูุถูุฉ ููุณุทููุ ูุฐุง ุงูุชุนุงุทู ูุฌุนู ุดุนูุฉ ุงูุฃูู ูุง ุชูุทููุ ุชุญูุฉ ููุฑูู ุงูุฌุฒุงุฆุฑ ููุดุนุจู https://t.co/RfKZrnkZ10,['ูุฃุณ_ุงูุนุฑุจ'],positive
220,"ูู ุงูุนุฏุฏ 264 ูู ยซุณูุจุฑ1ยป โ 

ุฃุฑูุงู ุจุทููุฉ #ูุฃุณ_ุงูุนุฑุจ ุจุนุฏ ุงูุชูุงุก ูุจุงุฑูุงุช ุงูุฏูุฑ ุฑุจุน ุงูููุงุฆู. ๐ข

โฝ ูุฌููุน ุฃูุฏุงู ูู ุงูุฃูุจุฑ ูู ุชุงุฑูุฎ ุงูุจุทููุฉ
๐ฅ 13 ุจุทุงูุฉ ุญูุฑุงุก ูุนุฏุฏ ุฃุฎุทุงุก ูุจูุฑ
๐ค 329 ูุงุนุจุงู ุดุงุฑููุง ูุงูุฑูู ูุฏ ูุฑุชูุน

#FIFArabCup | #ูููุฏูุงู_ุงูุนุฑุจ https://t.co/c3zwDypaaP",['ูุฃุณ_ุงูุนุฑุจ'],neutral
221,ูุฑูู ุงูุฌุฒุงุฆุฑ ุงููุทูู ุงููุงุฆุฒ ุจุจุทููุฉ #ูุฃุณ_ุงูุนุฑุจ ูุฑูุน ุนูู #ููุณุทูู ุจุฌุงูุจ ุนูู ุจูุงุฏูุ ุญุฑูุฉ ุฑูุฒูุฉ ูุฏ ูุนุชุจุฑูุง ุงูุจุนุถ ุนุงุฏูุฉ ูููููุง ุซูููุฉ ุนูู ุงูููุงู ุงูุตูููููุ ูุงูุซุฑ ุดุฆ ููููู ูู ุชูุณู ุงูุดุนูุจ ุงูุญูุฉ ุจูุถูุฉ ููุณุทููุ ูุฐุง ุงูุชุนุงุทู ูุฌุนู ุดุนูุฉ ุงูุฃูู ูุง ุชูุทููุ ุชุญูุฉ ููุฑูู ุงูุฌุฒุงุฆุฑ ููุดุนุจู https://t.co/RfKZrnkZ10,['ูุฃุณ_ุงูุนุฑุจ'],positive
222,"๐๐ฅ ุชุณุฏูุฏุฉ ุตุงุฑูุฎูุฉ ุฎุฑุงููุฉ ูู ููุณู ุงูุจูุงููู ุชุณูู ุดุจุงู ุงูููุชุฎุจ ุงููุบุฑุจู

#ูุฃุณ_ุงูุนุฑุจ #ูููุฏูุงู_ุงูุนุฑุจ #ุงููุบุฑุจ_ุงูุฌุฒุงุฆุฑ 
#FIFArabCup #ArabCup2021 https://t.co/6Q52tC8NX4",['ูุฃุณ_ุงูุนุฑุจ'],positive
223,"ูุฏู ููุณู ุจูุงููู ุงูุฑุงุฆุน ู ุงูุชุงุฑูุฎู ูู ุงูุฃุดูุงุท ุงูุฅุถุงููุฉ ูุตุงูุญ ุงูุฌุฒุงุฆุฑ ุนูู ุงููุบุฑุจ ูู ุจุทููุฉ #ูุฃุณ_ุงูุนุฑุจ ุจุตูุช ุงููุนูู ุฑุคูู ุฎููู.

#FIFArabCup | #ุงูุฌุฒุงุฆุฑ_ุงููุบุฑุจ https://t.co/juBG0QGJ47",['ูุฃุณ_ุงูุนุฑุจ'],positive
224,"ุณุจุญุงู ุงููู .. ุฎุณุงุฑุชูู ูุฎุฑูุฌูู ูู ุจุทููุฉ #ูุฃุณ_ุงูุนุฑุจ ุงูุฑุญุช ุฌููุน ุงูุดุนูุจ ุงูุนุฑุจูู ูุงูุงุณูุงููุฉ !!!

5 ูุฎููุณู ูู ุนููู ุงูุญุณูุฏ โ",['ูุฃุณ_ุงูุนุฑุจ'],negative
225,"๐๐ฅ ุชุณุฏูุฏุฉ ุตุงุฑูุฎูุฉ ุฎุฑุงููุฉ ูู ููุณู ุงูุจูุงููู ุชุณูู ุดุจุงู ุงูููุชุฎุจ ุงููุบุฑุจู

#ูุฃุณ_ุงูุนุฑุจ #ูููุฏูุงู_ุงูุนุฑุจ #ุงููุบุฑุจ_ุงูุฌุฒุงุฆุฑ 
#FIFArabCup #ArabCup2021 https://t.co/6Q52tC8NX4",['ูุฃุณ_ุงูุนุฑุจ'],positive
226,"ุชุจุชุนุฏ ุงูุฃุดูุงุก ุนูู ุจูุฏุฑ ุญุงุฌุชู ููุงุ ูุชูุชุฑุจ ููู ุจูุฏุฑ ุฒูุฏู ูููุง.

- ุดูุณ ุงูุชุจุฑูุฒู
#ูุฃุณ_ุงูุนุฑุจ 
#ูุตุฑ_ุงูุงุฑุฏู 
#ูุญูุฏ_ุงุจู_ุงูุฐูุจ_ููุฏุญ_ุนูุงู 
#ุงูุญุจ_ูุด_ูููุชู",['ูุฃุณ_ุงูุนุฑุจ'],neutral
227,"ุฑุฃุณูุฉ ูุฑูุงู ุฏุงููุฏ ุงูุฑุงุฆุนุฉ ูู ุงูููุช ุงููุงุชู ุชุญุณู ุตุนูุฏูุง ููุตู ุงูููุงุฆู ูู #ูุฃุณ_ุงูุนุฑุจ ๐๐ปโ๏ธ
ุจุนุฏ  ูุจุงุฑุงุฉ ูููุง  ุณุงุณุจูุณ ูุฑุนุจ ๐

ูุจุฑูู ุงูุชุฃูู ูุง ุฃุจุทุงูุุนุงุงุงุด  ูุงุจุทุงููุง ุงููู ุงุณุชุจุณููุง ูุขุฎุฑ  ุฏูููุฉ ู ุงู ุดุงุก ุงููู ุงูุจุทููุฉ ูุตุฑูุฉ ๐ช๐ป๐ช๐ฌ
#ูุงุณ_ุงูุนุฑุจ_FIFA ๐ 
#ููุชุฎุจ_ูุตุฑ 
 
https://t.co/OqxYv3i55T",['ูุฃุณ_ุงูุนุฑุจ'],positive
228,"ูุฐุง ุงูุฌุฒุงุฆุฑู ุงุณุชุญู ูุจูุฉ ุนูู ุฑุฃุณู .
ูุงู : ูุญู ู #ุงููุบุฑุจ ุฃุดูุงุก ููู ููุฑููุง ุงูุณูุงุณููู .
#ุงูุฌุฒุงุฆุฑ #ุงููุบุฑุจ #ูุฃุณ_ุงูุนุฑุจ #ูุทุฑ https://t.co/PXP7OjEvlE",['ูุฃุณ_ุงูุนุฑุจ'],positive
229,"ููุณูุฉ #ูุฃุณ_ุงูุนุฑุจ ูุงุฆูุฉ ุนูู ุฃุณุงุณ ุงูุชูุฑูุจ ุจูู ุงูุดุนูุจ ูุชุญููู ุงูุงุชุญุงุฏ ุจูููุง ูุซููุง ูู ุงูุญุงู ูุน ูู ุงูููุงูุณุงุช ุงููุฑููุฉ ูู ุงูุนุงูู
ุฑุงุจุทุฉ ุงูุฃุจุทุงู ุงูุฃูุฑูุจูุฉ ููุฏุช ูุชุนุฒูุฒ ุงูุฑูุงุจุท ุจูู ุฏูู ุงูุงุชุญุงุฏ ุงูุฃูุฑูุจู ูุชุญููู ุงูุชูุงูู ุงูุงูุชุตุงุฏู ูุงูุงูุฏูุงุฌ ุงูุณูุงุณู (ุงููุชุนุซุฑ)
ูุงุจุฏ ูู ุงูุชุนุงูู ูุน ุงูููุงูุณุฉ ุชุจุนุง ููุฐุง",['ูุฃุณ_ุงูุนุฑุจ'],neutral
230,"ููุชุฎุจ ูุตุฑ ุงูุฃูู ูุง ูุฎุณุฑ ุจูุฃุณ ุงูุนุฑุจ

#ุงูููุชุฎุจ_ุงููุตุฑู #ูุตุฑ_ุชููุณ #ูููุฏูุงู_ุงูุนุฑุจ 
#ูุฃุณ_ุงูุนุฑุจ_2021 #ูุฃุณ_ุงูุนุฑุจ #ูุงุณ_ุงูุนุฑุจ_FIFA #ุงูููุงุทู_ุงูุฑูุงุถู
 https://t.co/VYI98zqiBS",['ูุฃุณ_ุงูุนุฑุจ'],positive
231,"#ุงูุญุจ_ูุด_ูููุชู #ุงูุงุฑุฏู_ูุตุฑ
#ุงูููุฒุงููุฉ_ุงูุณุนูุฏูุฉ #ุฑุณุงูุฉ_ุงูููู
#ููุงุก_ููู_ุงูุนูุฏ #ูููุฉ_ุฃุณูุฑ_ุงูุดูู
#ุจุฑุดูููู_ุงูุณุงุณููุง #ูุฃุณ_ุงูุนุฑุจ
#ุฒูุงุฌ_ูุณูุงุฑ_ุฌุฏู
ุงูุนูุฑูฃูข
ุงูุทูููกูฆูง
ุงููุฒููฆูฉ
ูุทููู ููุธูู
ุงูุดุฑูุท #ุฒูุฌ ูุฎุงู ุงููู
#ูุญูุฏ_ุงุจู_ุงูุฐูุจ_ููุฏุญ_ุนูุงู
#ุนุจุฑ_ุนู_ุญุงูุชู_ุจุตูุฑู #ุนุงุฌู
#ุทูุงุจ_ุงูุฌุงูุนู_ุชูููู_ูุณุชุบูุซูู",['ูุฃุณ_ุงูุนุฑุจ'],neutral
232,ูุฏู #ููุณู_ุจูุงููู ูู ูุจุงุฑุงุฉ #ุงูุฌุฒุงุฆุฑ_ุงููุบุฑุจ ูู #ูุฃุณ_ุงูุนุฑุจ ูุณุฎุฉ ูู ูุฏูู ุถุฏ ุงูุบุฑุงูุฉ https://t.co/WJ3Z61clGd,['ูุฃุณ_ุงูุนุฑุจ'],neutral
233,"ููุชุฎุจ ุงูุฌุฒุงุฆุฑ ูุชูุฌ ุจุจุทููุฉ #ูุฃุณ_ุงูุนุฑุจ ููุฑูุน ูุงุนุจูู ุนูู #ููุณุทูู ูุนูู ุงูุฌุฒุงุฆุฑ ูุจู ุณููุงู ูุนูุงู ุฒุงูุฏ ูุจูุทูุง ุงูุจุญุฑ ูู ูุงุณูุงุฏูู ูู ููุงู ุงูุงุญุชูุงู
ุชุญูุฉ ูุดุนุจ ุงูุฌุฒุงุฆุฑ ุงูุนุธูู https://t.co/eCtCOSw4DJ",['ูุฃุณ_ุงูุนุฑุจ'],positive
234,ุจุนูู #ููุณุทูู.. ูุงุนุจู #ุงูุฌุฒุงุฆุฑ ูุญุชูููู ุจุงูุชุฃูู ููุตู ููุงุฆู #ูุฃุณ_ุงูุนุฑุจ https://t.co/D6LlBxA1Kb,['ูุฃุณ_ุงูุนุฑุจ'],positive
235,"๐๐ฅ ุชุณุฏูุฏุฉ ุตุงุฑูุฎูุฉ ุฎุฑุงููุฉ ูู ููุณู ุงูุจูุงููู ุชุณูู ุดุจุงู ุงูููุชุฎุจ ุงููุบุฑุจู

#ูุฃุณ_ุงูุนุฑุจ #ูููุฏูุงู_ุงูุนุฑุจ #ุงููุบุฑุจ_ุงูุฌุฒุงุฆุฑ 
#FIFArabCup #ArabCup2021 https://t.co/6Q52tC8NX4",['ูุฃุณ_ุงูุนุฑุจ'],positive
236,ูุฑูู ุงูุฌุฒุงุฆุฑ ุงููุทูู ุงููุงุฆุฒ ุจุจุทููุฉ #ูุฃุณ_ุงูุนุฑุจ ูุฑูุน ุนูู #ููุณุทูู ุจุฌุงูุจ ุนูู ุจูุงุฏูุ ุญุฑูุฉ ุฑูุฒูุฉ ูุฏ ูุนุชุจุฑูุง ุงูุจุนุถ ุนุงุฏูุฉ ูููููุง ุซูููุฉ ุนูู ุงูููุงู ุงูุตูููููุ ูุงูุซุฑ ุดุฆ ููููู ูู ุชูุณู ุงูุดุนูุจ ุงูุญูุฉ ุจูุถูุฉ ููุณุทููุ ูุฐุง ุงูุชุนุงุทู ูุฌุนู ุดุนูุฉ ุงูุฃูู ูุง ุชูุทููุ ุชุญูุฉ ููุฑูู ุงูุฌุฒุงุฆุฑ ููุดุนุจู https://t.co/RfKZrnkZ10,['ูุฃุณ_ุงูุนุฑุจ'],positive
237,"ุชูุบุงู ููุชุชุญ ุงูุชุณุฌูู ููููุชุฎุจ ุงูุฌุฒุงุฆุฑู ๐ฉ๐ฟ

#ูุฃุณ_ุงูุนุฑุจ | #ูููุฏูุงู_ุงูุนุฑุจ | #ุงูุฌุฒุงุฆุฑ_ูุตุฑ
#FIFArabCup | #ArabCup2021 https://t.co/7q5ubPOZWt",['ูุฃุณ_ุงูุนุฑุจ'],neutral
238,ุจุงููุณุจุฉ ูู #ูุทุฑ ูู ุฃูุจุฑ ุงููุงุฆุฒูู ูู #ูุฃุณ_ุงูุนุฑุจ ุจูุง ููุงุฒุน ุญุชู ููู ูู ุชุญุฑุฒ ุงููุฃุณ ููุฏ ูุงุฒุช ููุฌุญุช ูู ุชูุธูู ุงููุจูุฑ ูุงูุฑุงุฆุน ููุฐู ุงููุนุงููุฉ ุงูุง ุงุฐุง ูุงุฒุช ุจุงููุฃุณ ูุงูุชูุธูู ูุนุงู ููุฐุง ุฎูุฑ ูุจุฑูุฉ .,['ูุฃุณ_ุงูุนุฑุจ'],positive
239,"ูุฐุง ุงูุฌุฒุงุฆุฑู ุงุณุชุญู ูุจูุฉ ุนูู ุฑุฃุณู .
ูุงู : ูุญู ู #ุงููุบุฑุจ ุฃุดูุงุก ููู ููุฑููุง ุงูุณูุงุณููู .
#ุงูุฌุฒุงุฆุฑ #ุงููุบุฑุจ #ูุฃุณ_ุงูุนุฑุจ #ูุทุฑ https://t.co/PXP7OjEvlE",['ูุฃุณ_ุงูุนุฑุจ'],positive
240,ูุฑูู ุงูุฌุฒุงุฆุฑ ุงููุทูู ุงููุงุฆุฒ ุจุจุทููุฉ #ูุฃุณ_ุงูุนุฑุจ ูุฑูุน ุนูู #ููุณุทูู ุจุฌุงูุจ ุนูู ุจูุงุฏูุ ุญุฑูุฉ ุฑูุฒูุฉ ูุฏ ูุนุชุจุฑูุง ุงูุจุนุถ ุนุงุฏูุฉ ูููููุง ุซูููุฉ ุนูู ุงูููุงู ุงูุตูููููุ ูุงูุซุฑ ุดุฆ ููููู ูู ุชูุณู ุงูุดุนูุจ ุงูุญูุฉ ุจูุถูุฉ ููุณุทููุ ูุฐุง ุงูุชุนุงุทู ูุฌุนู ุดุนูุฉ ุงูุฃูู ูุง ุชูุทููุ ุชุญูุฉ ููุฑูู ุงูุฌุฒุงุฆุฑ ููุดุนุจู https://t.co/RfKZrnkZ10,['ูุฃุณ_ุงูุนุฑุจ'],positive
241,"ููุชุฎุจ ุงูุฌุฒุงุฆุฑ ูุชูุฌ ุจุจุทููุฉ #ูุฃุณ_ุงูุนุฑุจ ููุฑูุน ูุงุนุจูู ุนูู #ููุณุทูู ูุนูู ุงูุฌุฒุงุฆุฑ ูุจู ุณููุงู ูุนูุงู ุฒุงูุฏ ูุจูุทูุง ุงูุจุญุฑ ูู ูุงุณูุงุฏูู ูู ููุงู ุงูุงุญุชูุงู
ุชุญูุฉ ูุดุนุจ ุงูุฌุฒุงุฆุฑ ุงูุนุธูู https://t.co/eCtCOSw4DJ",['ูุฃุณ_ุงูุนุฑุจ'],positive
242,"ูุจุงุฑู ูููุชุฎุจูุง ุงููุทูู ุงูุฌุฒุงุฆุฑู ุชุฃููู ูุฏูุฑ ูุตู ุงูููุงุฆู ูู ูุฃุณ ุงูุนุฑุจ 
ููุณุทูู ูุงูุฌุฒุงุฆุฑ ุดุนุจ ูุงุญุฏ ูุด ุดุนุจูู ๐ฉ๐ฟโค๏ธ๐ต๐ธ
#ูุฃุณ_ุงูุนุฑุจ #ููุณุทูู #ุงูุฌุฒุงุฆุฑ #ูุทุฑ #ุงูุฌุฒุงุฆุฑ_ุงููุบุฑุจ https://t.co/86zoqSeo3A",['ูุฃุณ_ุงูุนุฑุจ'],positive
243,"ููุชุฎุจ ุงูุฌุฒุงุฆุฑ ูุชูุฌ ุจุจุทููุฉ #ูุฃุณ_ุงูุนุฑุจ ููุฑูุน ูุงุนุจูู ุนูู #ููุณุทูู ูุนูู ุงูุฌุฒุงุฆุฑ ูุจู ุณููุงู ูุนูุงู ุฒุงูุฏ ูุจูุทูุง ุงูุจุญุฑ ูู ูุงุณูุงุฏูู ูู ููุงู ุงูุงุญุชูุงู
ุชุญูุฉ ูุดุนุจ ุงูุฌุฒุงุฆุฑ ุงูุนุธูู https://t.co/eCtCOSw4DJ",['ูุฃุณ_ุงูุนุฑุจ'],positive
244,"ููุชุฎุจ ุงูุฌุฒุงุฆุฑ ูุชูุฌ ุจุจุทููุฉ #ูุฃุณ_ุงูุนุฑุจ ููุฑูุน ูุงุนุจูู ุนูู #ููุณุทูู ูุนูู ุงูุฌุฒุงุฆุฑ ูุจู ุณููุงู ูุนูุงู ุฒุงูุฏ ูุจูุทูุง ุงูุจุญุฑ ูู ูุงุณูุงุฏูู ูู ููุงู ุงูุงุญุชูุงู
ุชุญูุฉ ูุดุนุจ ุงูุฌุฒุงุฆุฑ ุงูุนุธูู https://t.co/eCtCOSw4DJ",['ูุฃุณ_ุงูุนุฑุจ'],positive
245,"ููุชุฑููู ๐ค
ููุฏ ูุงู ููุจ ุงูุงุณุฏ ุนู ุฌุฏุงุฑุฉ #ุจูุงููู 
ูู ููุงุก #ุงูุฌุฒุงุฆุฑ_ุงููุบุฑุจ
#ูุฃุณ_ุงูุนุฑุจ
ูุงุจุชู ูุงุฌุฏ ูุณุฎุฉ ุฌุฒุงุฆุฑูุฉ ๐ฉ๐ฟ๐ช๐คฉ๐๐ https://t.co/YCc5zJX0Kx",['ูุฃุณ_ุงูุนุฑุจ'],positive
246,"ูุงุงุงุงุงุงุงุงุงุงุฑุจ ูููุฒ ุงูููุชุฎุจ ุงููููู ุนูู ุงูููุชุฎุจ ุงูุณุนูุฏู
ููุชุฑููุฒ ูุญูุฏ ุจู ุณููุงู ููุทุฑุฏ ุงูุฑุฆูุณ ูุงุฏู ูู ุงูููููุฉ
๐๐๐๐
#ุงูููุชุฎุจ_ุงููููู_ูููุงุดุฆูู 
#ูุฃุณ_ุงูุนุฑุจ",['ูุฃุณ_ุงูุนุฑุจ'],negative
